lemma,extract_reference_id,tokenisation_method_id,gender,noun_case,noun_number,most_common_translation,cumulative_confidence,version_716_translation,english_translation
θεός,370,unigram,masculine,accusative,plural,gods,1.5297450450234398,gods,God
θεός,152,unigram,masculine,accusative,singular,God,6.526073934526763,God,God
θεός,33,unigram,masculine,nominative,plural,gods,1.2591437047102771,gods,God
θεός,237,unigram,masculine,nominative,singular,God,10.167997928248779,God,God
κύριος,372,unigram,masculine,nominative,plural,ownas,1.2586284575906634,ownas,"Lord, lord, master"
κύριος,153,unigram,masculine,nominative,singular,In,1.0049436182402407,In,"Lord, lord, master"
γραφή,147,unigram,feminine,accusative,plural,Bible,2.2269472904081167,Bible,Scripture
γραφή,58,unigram,feminine,accusative,singular,Bible,1.1758814138495557,Bible,Scripture
γραφή,298,unigram,feminine,nominative,plural,happen,1.0442897711262364,happen,Scripture
γραφή,366,unigram,feminine,nominative,singular,Bible,3.6231865814567352,Bible,Scripture
ἄγγελος,115,unigram,masculine,accusative,plural,angel,1.2056527541002044,angel,angel
ἄγγελος,95,unigram,masculine,accusative,singular,messenja,1.7839341374959805,messenja,angel
ἄγγελος,54,unigram,masculine,nominative,plural,angel,2.6563014619189502,angel,angel
ἄγγελος,125,unigram,masculine,nominative,singular,angel,2.7186942619907923,angel,angel
ἀπόστολος,51,unigram,masculine,nominative,plural,sen,1.4692900749827948,sen,apostle
ἀπόστολος,7,unigram,masculine,nominative,singular,slave,1.2715134293577357,slave,apostle
ἐξουσία,76,unigram,feminine,accusative,plural,worry,1.2183926000674272,worry,authority
ἐξουσία,227,unigram,feminine,accusative,singular,powa,1.7289368523677218,powa,authority
βρέφος,19,unigram,neuter,accusative,plural,heads,1.245075795538108,heads,babies
βρέφος,365,unigram,neuter,accusative,singular,bebe,1.2639912368243773,bebe,babies
ἀποθήκη,75,unigram,feminine,accusative,singular,storage,1.2743994146790487,storage,barn
φραγμός,266,unigram,masculine,accusative,plural,roads,1.0258502764859465,roads,"barrier, wall"
φραγμός,130,unigram,masculine,accusative,singular,squeeze,1.1454417825320882,squeeze,"barrier, wall"
ἀρχή,79,unigram,feminine,accusative,plural,worry,1.2179957106882422,worry,beginning
ἀρχή,207,unigram,feminine,accusative,singular,Cana,1.6727060907299083,Cana,beginning
ζώνη,255,unigram,feminine,accusative,singular,grasshoppa,1.0960524252565438,grasshoppa,belt
βλασφημία,37,unigram,feminine,accusative,plural,ack,1.1424123853677104,ack,blasphemy
βλασφημία,112,unigram,feminine,accusative,singular,clothes,1.17884422574883,clothes,blasphemy
βλασφημία,235,unigram,feminine,nominative,plural,stuff.Dass,1.1795452282658914,stuff.Dass,blasphemy
βλασφημία,96,unigram,feminine,nominative,singular,shame,1.3558760556382723,shame,blasphemy
πλοῖον,123,unigram,neuter,accusative,plural,boats,1.830817217174966,boats,boat
πλοῖον,349,unigram,neuter,accusative,singular,boat,4.499685162997862,boat,boat
πλοῖον,272,unigram,neuter,nominative,plural,boats,1.3102599214081876,boats,boat
πλοῖον,257,unigram,neuter,nominative,singular,boat,1.2740066014711902,boat,boat
σῶμα,245,unigram,neuter,nominative,plural,bodies,1.6965732433311491,bodies,body
σῶμα,67,unigram,neuter,nominative,singular,body,2.0904810564009524,body,body
κλῆμα,171,unigram,neuter,nominative,singular,branch,1.4469478881200366,branch,branch
ἄρτος,354,unigram,masculine,accusative,plural,bread,2.0430964371990408,bread,bread
ἄρτος,382,unigram,masculine,accusative,singular,bread,2.1832106226530006,bread,bread
ἄρτος,180,unigram,masculine,nominative,plural,food,1.1800774154827278,food,bread
ἄρτος,45,unigram,masculine,nominative,singular,bread,3.4943007828016013,bread,bread
ἀδελφός,338,unigram,masculine,accusative,plural,braddahs,3.9149775522873522,braddahs,brother
ἀδελφός,139,unigram,masculine,accusative,singular,braddah,2.1274635985843067,braddah,brother
ἀδελφός,129,unigram,masculine,nominative,plural,braddahs,2.058305460193455,braddahs,brother
ἀδελφός,264,unigram,masculine,nominative,singular,braddah,6.345935716672144,braddah,brother
στῆθος,177,unigram,neuter,accusative,plural,ches,1.3263392362107662,ches,"chest, breast"
στῆθος,322,unigram,neuter,accusative,singular,aks,1.0028552171182736,aks,"chest, breast"
ἀρχιερεύς,276,unigram,masculine,accusative,plural,Pries,1.0150520079569445,Pries,chief priest
ἀρχιερεύς,68,unigram,masculine,accusative,singular,Pries,1.0207220115682414,Pries,chief priest
ἀρχιερεύς,138,unigram,masculine,nominative,plural,Pries,1.0059078510487092,Pries,chief priest
ἀρχιερεύς,282,unigram,masculine,nominative,singular,Pries,1.0126267971524978,Pries,chief priest
παῖς,268,unigram,masculine,accusative,plural,boys.,1.1133091990228827,boys.,child
παῖς,56,unigram,masculine,accusative,singular,shake,1.0224249940289625,shake,child
τέκνον,374,unigram,neuter,accusative,plural,kids,5.133245875651144,kids,child
τέκνον,204,unigram,neuter,accusative,singular,kids,1.248040199709599,kids,child
τέκνον,20,unigram,neuter,nominative,plural,kids,1.1770775932302442,kids,child
τέκνον,219,unigram,neuter,nominative,singular,boy,1.8770390167912685,boy,child
παιδίον,18,unigram,neuter,accusative,plural,kids,1.101956257924447,kids,child
παιδίον,105,unigram,neuter,accusative,singular,kid,2.2817424909968818,kid,child
παιδίον,197,unigram,neuter,nominative,plural,Whitewash,1.0632258091670157,Whitewash,child
παιδίον,47,unigram,neuter,nominative,singular,kid,2.1411904691681114,kid,child
πόλις,208,unigram,feminine,accusative,plural,towns,3.1260448167061043,towns,city
πόλις,72,unigram,feminine,accusative,singular,town,4.439241644090167,town,city
πύλη,302,unigram,feminine,nominative,plural,rock.,1.1613200159490844,rock.,city gate
πύλη,234,unigram,feminine,nominative,singular,skinny,1.1682475101679055,skinny,city gate
χιτών,134,unigram,masculine,accusative,plural,extra,1.064362569188257,extra,"clothing, undergarments"
χιτών,34,unigram,masculine,accusative,singular,shirt,1.0481439356080116,shirt,"clothing, undergarments"
ἱμάτιον,150,unigram,neuter,accusative,plural,coats,1.0307243415630796,coats,coat
ἱμάτιον,149,unigram,neuter,accusative,singular,coat,1.5633284777265233,coat,coat
ἐντολή,92,unigram,feminine,accusative,plural,aloha,1.0136206234227487,aloha,commandment
ἐντολή,90,unigram,feminine,accusative,singular,dump,1.0496227115787793,dump,commandment
συνέδριον,359,unigram,neuter,accusative,plural,Watch,1.0686394586086974,Watch,council
συνέδριον,59,unigram,neuter,accusative,singular,leadas,1.1656421712760945,leadas,council
χώρα,85,unigram,feminine,accusative,plural,harves.,1.2931444753198176,harves.,"country, countryside"
χώρα,327,unigram,feminine,accusative,singular,Gerasa,1.3200180479643628,Gerasa,"country, countryside"
ὄχλος,64,unigram,masculine,accusative,plural,peopo,1.9133152488659717,peopo,crowd
ὄχλος,11,unigram,masculine,accusative,singular,peopo,3.2816868524430105,peopo,crowd
ὄχλος,117,unigram,masculine,nominative,plural,peopo,2.9586796075649087,peopo,crowd
ὄχλος,317,unigram,masculine,nominative,singular,peopo,1.9142100872695105,peopo,crowd
θυγάτηρ,353,unigram,feminine,nominative,singular,girl,2.8980130744116006,girl,daughter
ἡμέρα,83,unigram,feminine,accusative,plural,days,2.4202750361445133,days,day
ἡμέρα,97,unigram,feminine,accusative,singular,day,2.569050051186108,day,day
ἡμέρα,2,unigram,feminine,nominative,plural,time,1.4814629886171895,time,day
ὀφειλέτης,285,unigram,masculine,nominative,plural,um—you,1.0960524252565438,um—you,debtor
ὀφειλέτης,141,unigram,masculine,nominative,singular,uku,1.0206193230534764,uku,debtor
δαιμόνιον,35,unigram,neuter,accusative,plural,spirits,1.7585688253744816,spirits,demon
δαιμόνιον,368,unigram,neuter,accusative,singular,spirit,1.5660526583975314,spirit,demon
δαιμόνιον,221,unigram,neuter,nominative,plural,spirits,1.8983161026936264,spirits,demon
δαιμόνιον,195,unigram,neuter,nominative,singular,spirit,1.6845261223701775,spirit,demon
δηνάριον,343,unigram,neuter,accusative,plural,owe,1.0208178548170694,owe,denarius (about a day's wages)
δηνάριον,182,unigram,neuter,accusative,singular,coin,1.7395790362459465,coin,denarius (about a day's wages)
μαθητής,201,unigram,masculine,accusative,plural,guys,1.0074811170658389,guys,disciple
μαθητής,375,unigram,masculine,accusative,singular,aloha,1.010589134071718,aloha,disciple
μαθητής,309,unigram,masculine,nominative,plural,guys,2.505607398893336,guys,disciple
μαθητής,373,unigram,masculine,nominative,singular,me,1.00696084873889,me,disciple
νόσος,3,unigram,feminine,accusative,plural,sick,1.6929674696969137,sick,disease
νόσος,81,unigram,feminine,accusative,singular,sick,1.3443561145741438,sick,disease
περιστερά,116,unigram,feminine,accusative,plural,doves,1.2997794513552774,doves,dove
περιστερά,61,unigram,feminine,accusative,singular,dove,1.5762760580825828,dove,dove
οὖς,170,unigram,neuter,accusative,plural,hear,1.0873521427821742,hear,ear
οὖς,316,unigram,neuter,accusative,singular,ear,1.3762733620658356,ear,ear
σεισμός,228,unigram,masculine,nominative,plural,shake,1.1134310556128182,shake,"earthquakes, storm"
σεισμός,70,unigram,masculine,nominative,singular,big,1.0640285800812788,big,"earthquakes, storm"
τέλος,38,unigram,neuter,accusative,plural,um.,1.0939084593031478,um.,end
τέλος,306,unigram,neuter,accusative,singular,out,1.3708582348766305,out,end
αἰών,269,unigram,masculine,accusative,plural,foeva.Goin,1.4589255846607618,foeva.Goin,eternity
αἰών,339,unigram,masculine,accusative,singular,foeva,1.383725741519103,foeva,eternity
ὀφθαλμός,26,unigram,masculine,accusative,plural,eyes,1.7089108293678388,eyes,eye
ὀφθαλμός,12,unigram,masculine,accusative,singular,eye,1.2641637084621542,eye,eye
ὀφθαλμός,71,unigram,masculine,nominative,plural,eyes,1.14331272481701,eyes,eye
ὀφθαλμός,336,unigram,masculine,nominative,singular,eye,2.7013086347079467,eye,eye
πρόσωπον,140,unigram,neuter,accusative,plural,look,1.2902144582877413,look,face
πρόσωπον,216,unigram,neuter,accusative,singular,face,1.5926641491760094,face,face
λιμός,8,unigram,feminine,nominative,plural,country,1.0709951962126514,country,famine
λιμός,348,unigram,masculine,nominative,plural,Unreal,1.5207819650994154,Unreal,famine
λιμός,107,unigram,feminine,nominative,singular,country,1.6147367702336586,country,famine
λιμός,154,unigram,masculine,nominative,singular,widows,1.0811016926834476,widows,famine
γεωργός,284,unigram,masculine,nominative,plural,farm,1.5123608865102007,farm,"farmer, tenant"
γεωργός,57,unigram,masculine,nominative,singular,vine,1.161520644403973,vine,"farmer, tenant"
πατήρ,222,unigram,masculine,accusative,plural,ancesta,1.0821632216819277,ancesta,father
πατήρ,342,unigram,masculine,accusative,singular,Faddah,1.4523595131063185,Faddah,father
πατήρ,352,unigram,masculine,nominative,plural,ancesta,2.077559685491968,ancesta,father
πατήρ,210,unigram,masculine,nominative,singular,Faddah,5.400777759054531,Faddah,father
σύνδουλος,163,unigram,masculine,accusative,plural,piloot,1.4995899392462315,piloot,"fellow-servant, colleague"
σύνδουλος,356,unigram,masculine,nominative,plural,bum,1.7862465289312903,bum,"fellow-servant, colleague"
σύνδουλος,131,unigram,masculine,nominative,singular,Give,1.0908605721237294,Give,"fellow-servant, colleague"
ἀγρός,46,unigram,masculine,accusative,singular,field,1.2001644459409828,field,field
δάκτυλος,262,unigram,masculine,accusative,plural,tongue,1.2101337302053308,tongue,finger
δάκτυλος,200,unigram,masculine,accusative,singular,finga,1.2101108630598874,finga,finger
ἰχθύς,174,unigram,masculine,accusative,plural,fish,1.3621146228463552,fish,fish
ἰχθύς,215,unigram,masculine,accusative,singular,fish,1.3396105442867998,fish,fish
δίκτυον,124,unigram,neuter,accusative,plural,nets,4.349932739478805,nets,fishing net
δίκτυον,225,unigram,neuter,accusative,singular,net,1.3261877577580674,net,fishing net
δίκτυον,196,unigram,neuter,nominative,plural,nets,1.3264802729250773,nets,fishing net
δίκτυον,273,unigram,neuter,nominative,singular,inside—hundred,1.2126256018072978,inside—hundred,fishing net
τροφή,364,unigram,feminine,accusative,singular,luna,1.237684834406116,luna,food
πούς,265,unigram,masculine,accusative,plural,feets,2.0846040334495544,feets,foot
πούς,128,unigram,masculine,accusative,singular,feets,1.0637691230660065,feets,foot
καρπός,206,unigram,masculine,accusative,plural,fruit,1.2335522511832646,fruit,"fruit, crop, harvest"
καρπός,260,unigram,masculine,accusative,singular,fruit,1.8441592397609523,fruit,"fruit, crop, harvest"
πλήρωμα,301,unigram,neuter,accusative,plural,lefovas,1.0298039474391794,lefovas,fullness
πλήρωμα,363,unigram,neuter,accusative,singular,shrink,1.1454502626623055,shrink,fullness
γενεά,261,unigram,feminine,accusative,singular,nowdays,1.144022500460144,nowdays,generation
γενεά,350,unigram,feminine,nominative,plural,tellGod,1.1063566848230288,tellGod,generation
γενεά,169,unigram,feminine,nominative,singular,Nowdays,1.0582837900068331,Nowdays,generation
δῶρον,341,unigram,neuter,accusative,plural,rich,1.1445065077316658,rich,gift
δῶρον,184,unigram,neuter,accusative,singular,gif,1.761918573437932,gif,gift
ἡγεμών,193,unigram,masculine,accusative,plural,govnas,1.1796648275007284,govnas,"governor, ruler"
ἡγεμών,15,unigram,masculine,accusative,singular,Still,1.6357300133237664,Still,"governor, ruler"
σταφυλή,209,unigram,feminine,accusative,plural,thorns,1.1430543194782028,thorns,grapes
σταφυλή,377,unigram,feminine,accusative,singular,fruits,1.1454417825320882,fruits,grapes
ἀσπασμός,355,unigram,masculine,accusative,plural,market,1.4320200272626495,market,greeting
ἀσπασμός,194,unigram,masculine,accusative,singular,huli,1.091136407321752,huli,greeting
ὁδηγός,6,unigram,masculine,nominative,plural,Laytas,1.2321758433648378,Laytas,guide
ὁδηγός,4,unigram,masculine,nominative,singular,try,1.010682880075369,try,guide
θρίξ,106,unigram,feminine,nominative,plural,hairs,1.3875659223864174,hairs,hair
θρίξ,243,unigram,feminine,nominative,singular,hair,1.2101726629193006,hair,hair
χείρ,345,unigram,feminine,accusative,plural,hands,4.352077864090536,hands,hand
χείρ,248,unigram,feminine,accusative,singular,hand,3.207260398341641,hand,hand
κεφαλή,160,unigram,feminine,accusative,plural,shake,1.2325588813746735,shake,head
κεφαλή,232,unigram,feminine,accusative,singular,head,1.9820335718788704,head,head
στάχυς,233,unigram,masculine,accusative,plural,fields,1.0457575487845647,fields,head of grain
στάχυς,82,unigram,masculine,accusative,singular,stalk,1.3263392362107662,stalk,head of grain
καρδία,39,unigram,feminine,accusative,plural,tink,1.2626264711817747,tink,heart
καρδία,319,unigram,feminine,accusative,singular,undastan,1.0499013862849602,undastan,heart
καρδία,217,unigram,feminine,nominative,singular,mos,1.082554307303085,mos,heart
οὐρανός,9,unigram,masculine,accusative,plural,dove,1.583131643021251,dove,"heaven, sky"
οὐρανός,297,unigram,masculine,accusative,singular,sky,5.190561917560783,sky,"heaven, sky"
οὐρανός,381,unigram,masculine,nominative,plural,dove,1.3334771086916744,dove,"heaven, sky"
οὐρανός,223,unigram,masculine,nominative,singular,sky,2.6865421652999006,sky,"heaven, sky"
ὥρα,326,unigram,feminine,nominative,plural,hour,1.357929323690455,hour,hour
ὥρα,29,unigram,feminine,nominative,singular,time,1.901423236831309,time,hour
οἰκία,176,unigram,feminine,accusative,plural,widows,1.2820682371291885,widows,house
οἰκία,360,unigram,feminine,accusative,singular,house,6.563788826242668,house,house
οἶκος,314,unigram,masculine,accusative,plural,job,1.6444110551760156,job,"house, home"
οἶκος,25,unigram,masculine,accusative,singular,home,1.6570671276115765,home,"house, home"
κριτής,340,unigram,masculine,nominative,plural,wrong,1.4844709963284215,wrong,judge
κριτής,186,unigram,masculine,nominative,singular,judge,2.319027168515922,judge,judge
κλείς,94,unigram,feminine,accusative,plural,okay,1.1866954701715255,okay,key
κλείς,179,unigram,feminine,accusative,singular,key,1.5007288298126542,key,key
βασιλεύς,122,unigram,masculine,accusative,plural,govnas,1.0596583563413178,govnas,king
βασιλεύς,65,unigram,masculine,accusative,singular,King,1.4966859274584592,King,king
βασιλεία,88,unigram,feminine,accusative,plural,countries,1.3891066091254118,countries,kingdom
βασιλεία,181,unigram,feminine,accusative,singular,king,1.8062038421281448,king,kingdom
κόπος,226,unigram,masculine,accusative,plural,bodda,1.5309993711095478,bodda,"labour, work, trouble, difficulty"
κόπος,99,unigram,masculine,accusative,singular,ass,1.2186255367386805,ass,"labour, work, trouble, difficulty"
λύχνος,283,unigram,masculine,nominative,plural,Betta,1.5583304405547906,Betta,lamp
λύχνος,258,unigram,masculine,nominative,singular,lamp,1.4528559581652791,lamp,lamp
κλῆρος,113,unigram,masculine,accusative,plural,dice,1.1613200159490844,dice,"lots (casting of lots), inheritance"
κλῆρος,1,unigram,masculine,accusative,singular,dice,1.6510017301046145,dice,"lots (casting of lots), inheritance"
ἄνθρωπος,330,unigram,masculine,accusative,plural,peopo,1.0051258993109582,peopo,man
ἄνθρωπος,287,unigram,masculine,accusative,singular,pilau,1.9402151931742442,pilau,man
ἄνθρωπος,135,unigram,masculine,nominative,plural,Cesarea,1.0916702227068935,Cesarea,man
ἄνθρωπος,199,unigram,masculine,nominative,singular,guy,2.2948694083945638,guy,man
ἀνήρ,274,unigram,masculine,accusative,plural,husbans,1.2382627598309246,husbans,"man, husband"
ἀνήρ,278,unigram,masculine,accusative,singular,husban,3.1028849623028414,husban,"man, husband"
ἀνήρ,167,unigram,masculine,nominative,plural,tousan,1.4577283330425257,tousan,"man, husband"
ἀνήρ,267,unigram,masculine,nominative,singular,guy,1.3746377543462382,guy,"man, husband"
μνᾶ,332,unigram,feminine,accusative,plural,gold,1.1738810958057646,gold,mina (about 100 days' wages)
μνᾶ,16,unigram,feminine,accusative,singular,gold,1.2357834855569427,gold,mina (about 100 days' wages)
πρωτοκαθεδρία,120,unigram,feminine,accusative,plural,churches,1.0951447154327696,churches,"most important seat, seat of honour"
πρωτοκαθεδρία,41,unigram,feminine,accusative,singular,chairs,1.255494041147772,chairs,"most important seat, seat of honour"
μήτηρ,111,unigram,feminine,accusative,plural,get—peopo,1.327439986818304,get—peopo,mother
μήτηρ,310,unigram,feminine,accusative,singular,muddah,1.6326277236089468,muddah,mother
ὄρος,242,unigram,neuter,accusative,plural,mountains,1.5301853942229366,mountains,mountain
μύρον,100,unigram,neuter,accusative,plural,body.On,1.0960965115985384,body.On,myrrh
μύρον,31,unigram,neuter,accusative,singular,pour,1.1063128009036491,pour,myrrh
ὄνομα,98,unigram,neuter,accusative,plural,Thunder,1.213468769146059,Thunder,name
ὄνομα,40,unigram,neuter,accusative,singular,name,1.2426507338528203,name,name
ὄνομα,279,unigram,neuter,nominative,singular,name,1.8800540164014048,name,name
ἔθνος,256,unigram,neuter,accusative,plural,peopos,1.5841196291069994,peopos,nation
ἔθνος,218,unigram,neuter,accusative,singular,fight,1.3156064297585115,fight,nation
ἔθνος,335,unigram,neuter,nominative,plural,peopos,2.3689544473148683,peopos,nation
ἔθνος,30,unigram,neuter,nominative,singular,fight,1.5410618207865452,fight,nation
νύξ,212,unigram,feminine,accusative,plural,nite,1.0799236218826789,nite,night
ὅρκος,66,unigram,masculine,accusative,plural,front,1.1150756987024748,front,oath
ὅρκος,295,unigram,masculine,accusative,singular,promise,1.2637142680254665,promise,oath
βοῦς,172,unigram,masculine,accusative,plural,cows,1.3029125196647369,cows,ox
βοῦς,305,unigram,masculine,accusative,singular,lead,1.0441088591276242,lead,ox
παραβολή,291,unigram,feminine,accusative,plural,stories,2.034145990817571,stories,parable
παραβολή,249,unigram,feminine,accusative,singular,story,3.6831496733147095,story,parable
μέρος,380,unigram,neuter,accusative,plural,side,2.1864006611454667,side,part
μαργαρίτης,43,unigram,masculine,accusative,singular,pearl,1.2554791388355584,pearl,pearls
τόπος,304,unigram,masculine,accusative,plural,shake,1.118025204153819,shake,place
τόπος,328,unigram,masculine,accusative,singular,place,3.4163911677207213,place,place
πρωτοκλισία,308,unigram,feminine,accusative,plural,main,1.0644509144070515,main,place of honor
πρωτοκλισία,42,unigram,feminine,accusative,singular,luau,1.290168823955622,luau,place of honor
ὄφις,119,unigram,masculine,accusative,singular,snake,2.3647752656788232,snake,poison
σκεῦος,155,unigram,neuter,accusative,plural,moke,1.3692641147990594,moke,"possession, object, thing, jar, vessel"
σκεῦος,286,unigram,neuter,accusative,singular,thru,1.0500824346236757,thru,"possession, object, thing, jar, vessel"
σκεῦος,145,unigram,neuter,nominative,plural,roof,1.0298075289248323,roof,"possession, object, thing, jar, vessel"
δύναμις,121,unigram,feminine,accusative,plural,powa,1.3431674311331196,powa,"power, ability, miracle"
δύναμις,53,unigram,feminine,accusative,singular,powa,4.252052933585892,powa,"power, ability, miracle"
δύναμις,91,unigram,feminine,nominative,plural,powa,2.692943766481505,powa,"power, ability, miracle"
δύναμις,132,unigram,feminine,nominative,singular,powa,2.263381198272647,powa,"power, ability, miracle"
ἱερεύς,270,unigram,masculine,nominative,singular,pries,1.6526322861949914,pries,priest
φυλακή,288,unigram,feminine,accusative,plural,jail,1.1796207283193996,jail,prison
φυλακή,28,unigram,feminine,accusative,singular,prison,2.9006577328490875,prison,prison
προφήτης,69,unigram,masculine,accusative,plural,talk,2.339946533584665,talk,prophet
προφήτης,224,unigram,masculine,accusative,singular,talk,1.8492787646598523,talk,prophet
προφήτης,250,unigram,masculine,nominative,plural,talk,2.0184993141996337,talk,prophet
προφήτης,296,unigram,masculine,nominative,singular,talk,1.9915776106840857,talk,prophet
βαλλάντιον,22,unigram,neuter,accusative,singular,bag,1.4174040439176432,bag,purse
ποταμός,189,unigram,masculine,nominative,singular,foundation,1.1454757276999707,foundation,river
λῃστής,379,unigram,masculine,accusative,singular,crook,1.0354358706474784,crook,robber
λῃστής,357,unigram,masculine,nominative,plural,prisona,1.4823032416626556,prisona,robber
ἄρχων,230,unigram,masculine,accusative,plural,Pilate,1.0768490963372457,Pilate,ruler
ἄρχων,109,unigram,masculine,accusative,singular,drag,1.195576369555701,drag,ruler
ἄρχων,73,unigram,masculine,nominative,plural,leada,1.3744342454086769,leada,ruler
ἄρχων,351,unigram,masculine,nominative,singular,leada,2.177641030489913,leada,ruler
ἀκοή,10,unigram,feminine,accusative,plural,war,1.0481439356080116,war,rumor
ἀκοή,84,unigram,feminine,accusative,singular,Herod,1.3367831587683183,Herod,rumor
ἀκοή,183,unigram,feminine,nominative,plural,tongue,1.1421313168885865,tongue,rumor
ἀκοή,367,unigram,feminine,nominative,singular,erybody,1.0864757471079125,erybody,rumor
βιβλίον,63,unigram,neuter,accusative,plural,books,1.2633744394129098,books,"scroll, book"
βιβλίον,60,unigram,neuter,accusative,singular,divorce,1.0510733189054955,divorce,"scroll, book"
διάκονος,244,unigram,masculine,nominative,plural,taste,1.044113834305832,taste,"servant, minister, deacon"
διάκονος,104,unigram,masculine,nominative,singular,whoeva,1.4696476553779918,whoeva,"servant, minister, deacon"
δοῦλος,236,unigram,masculine,accusative,plural,worka,5.058084911666296,worka,"servant, slave"
δοῦλος,32,unigram,masculine,accusative,singular,worka,1.855708507281032,worka,"servant, slave"
δοῦλος,118,unigram,masculine,nominative,plural,worka,2.7001338506759036,worka,"servant, slave"
δοῦλος,231,unigram,masculine,nominative,singular,worka,1.0655825779452572,worka,"servant, slave"
πρόβατον,361,unigram,neuter,accusative,plural,sheeps,2.6625590424340384,sheeps,sheep
πρόβατον,162,unigram,neuter,accusative,singular,sheep,1.9996688312957955,sheep,sheep
ποιμήν,277,unigram,masculine,nominative,plural,sheep,2.3479183871159823,sheep,"shepherd, pastor"
ποιμήν,320,unigram,masculine,nominative,singular,sheeps,1.1619880460319618,sheeps,"shepherd, pastor"
σημεῖον,158,unigram,neuter,accusative,plural,awesome,1.2632082796040502,awesome,sign
σημεῖον,144,unigram,neuter,accusative,singular,awesome,1.2641784133359224,awesome,sign
σημεῖον,50,unigram,neuter,nominative,plural,awesome,1.2605052812451631,awesome,sign
σημεῖον,103,unigram,neuter,nominative,singular,Jonah,1.1756301625880738,Jonah,sign
δραχμή,329,unigram,feminine,accusative,plural,sweep,1.1454417825320882,sweep,"silver coin, drachma"
δραχμή,191,unigram,feminine,accusative,singular,coin,1.4039341845459523,coin,"silver coin, drachma"
ἀργύριον,241,unigram,neuter,accusative,plural,thirty,1.091997886673762,thirty,"silver, money"
ἀργύριον,369,unigram,neuter,accusative,singular,money,2.912659916757198,money,"silver, money"
ἁμαρτία,315,unigram,feminine,accusative,plural,hemo,1.2210392607967469,hemo,sin
ἁμαρτία,246,unigram,feminine,accusative,singular,bad,1.0345316070070691,bad,sin
ἁμαρτία,324,unigram,feminine,nominative,plural,shame,1.5837464685106644,shame,sin
ἁμαρτία,321,unigram,feminine,nominative,singular,why,1.0943869394282526,why,sin
ἀδελφή,347,unigram,feminine,accusative,plural,braddahs,1.0349930749525105,braddahs,sister
ἀδελφή,151,unigram,feminine,accusative,singular,Marta,1.3139192089111928,Marta,sister
ἀδελφή,24,unigram,feminine,nominative,plural,sistahs,3.1006889003046947,sistahs,sister
ἀδελφή,346,unigram,feminine,nominative,singular,sistah,4.2986146780691925,sistah,sister
ῥάπισμα,173,unigram,neuter,accusative,plural,slap,1.4534613199030015,slap,"slap, strike, hit"
ῥάπισμα,307,unigram,neuter,accusative,singular,slap,1.3093227914491117,slap,"slap, strike, hit"
πλοιάριον,263,unigram,neuter,nominative,plural,Tiberias,1.1454672352426896,Tiberias,small boat
πλοιάριον,157,unigram,neuter,nominative,singular,boat,1.1077736453214726,boat,small boat
ὀψάριον,205,unigram,neuter,accusative,plural,barley,1.5582090901671368,barley,small fish
ὀψάριον,290,unigram,neuter,accusative,singular,fish,1.1712323206062225,fish,small fish
υἱός,55,unigram,masculine,accusative,plural,boys,1.5789933523958353,boys,son
υἱός,143,unigram,masculine,accusative,singular,Real,1.0505731229042277,Real,son
υἱός,146,unigram,masculine,nominative,plural,kids,1.1975511546890976,kids,son
υἱός,238,unigram,masculine,nominative,singular,Real,1.040251319771908,Real,son
ψυχή,251,unigram,feminine,accusative,plural,end,1.074914247011464,end,"soul, life"
ψυχή,318,unigram,feminine,accusative,singular,mahke,1.3368909181402084,mahke,"soul, life"
ἀστήρ,331,unigram,masculine,nominative,plural,sky.An,1.2100819090986183,sky.An,star
ἀστήρ,214,unigram,masculine,nominative,singular,star,1.1062708150644622,star,star
λίθος,334,unigram,masculine,accusative,plural,kill,1.095716145627868,kill,stone
λίθος,44,unigram,masculine,accusative,singular,stone,2.262568926590972,stone,stone
λίθος,156,unigram,masculine,nominative,plural,dese,1.2667088886477995,dese,stone
λίθος,48,unigram,masculine,nominative,singular,stone,3.1607907162217668,stone,stone
συναγωγή,275,unigram,feminine,accusative,plural,churches,1.264557738888021,churches,synagogue
συναγωγή,371,unigram,feminine,accusative,singular,church,1.4379413571921733,church,synagogue
τράπεζα,220,unigram,feminine,accusative,plural,tables,1.1421050108759827,tables,table
τράπεζα,159,unigram,feminine,accusative,singular,bank,2.0463051220499087,bank,table
τάλαντον,77,unigram,neuter,accusative,plural,bag,1.3985966354373285,bag,talent (weight and monetary unit: around 20 years' wages)
τάλαντον,254,unigram,neuter,accusative,singular,money,1.174787583366527,money,talent (weight and monetary unit: around 20 years' wages)
φόρος,303,unigram,masculine,accusative,plural,Cesar,1.1613891358488626,Cesar,tax
φόρος,325,unigram,masculine,accusative,singular,Cesar,1.1236238628572903,Cesar,tax
τελώνης,213,unigram,masculine,nominative,plural,tax,1.282940365579459,tax,tax collector
τελώνης,80,unigram,masculine,nominative,singular,colleck,1.1316357202232468,colleck,tax collector
γραμματεύς,376,unigram,masculine,nominative,plural,Rules,1.198790292950645,Rules,"teacher, expert in the law, scholar, scribe"
γραμματεύς,239,unigram,masculine,nominative,singular,teacha,1.3421991206599582,teacha,"teacher, expert in the law, scholar, scribe"
καθηγητής,362,unigram,masculine,nominative,plural,Teacha,1.0486395760588452,Teacha,"teacher, guide"
καθηγητής,253,unigram,masculine,nominative,singular,Teacha,1.0486395760588452,Teacha,"teacher, guide"
κλέπτης,93,unigram,masculine,nominative,plural,steala,1.5323149604340691,steala,thief
κλέπτης,252,unigram,masculine,nominative,singular,steala,2.6188875721365297,steala,thief
διαλογισμός,165,unigram,masculine,accusative,singular,kid,1.364867351301501,kid,"thought, argument"
διαλογισμός,136,unigram,masculine,nominative,plural,married,1.100666128914778,married,"thought, argument"
διαλογισμός,323,unigram,masculine,nominative,singular,argue,1.2259235545148888,argue,"thought, argument"
χρόνος,300,unigram,masculine,accusative,plural,grapes,1.049388384922307,grapes,time
χρόνος,259,unigram,masculine,accusative,singular,star,1.2344812587678031,star,time
καιρός,86,unigram,masculine,nominative,plural,Peopo,1.0441688789667969,Peopo,"time, right time"
καιρός,161,unigram,masculine,nominative,singular,Time,1.1525437055964167,Time,"time, right time"
τάφος,148,unigram,masculine,accusative,plural,tombs,1.0810969581983796,tombs,"tomb, grave"
τάφος,198,unigram,masculine,accusative,singular,tomb,1.297789497508525,tomb,"tomb, grave"
μνημεῖον,17,unigram,neuter,accusative,plural,tombs,1.3578297206040026,tombs,"tomb, grave"
μνημεῖον,21,unigram,neuter,accusative,singular,tomb,1.6702674490649163,tomb,"tomb, grave"
μνημεῖον,89,unigram,neuter,nominative,plural,graves,1.9999484165552333,graves,"tomb, grave"
μνημεῖον,294,unigram,neuter,nominative,singular,cave,1.1202960754517228,cave,"tomb, grave"
ὀδούς,78,unigram,masculine,accusative,singular,teet,1.4108581990039502,teet,tooth
θησαυρός,114,unigram,masculine,accusative,plural,stuffs,1.0066501244795738,stuffs,treasure
θησαυρός,247,unigram,masculine,accusative,singular,garans,1.2255542543950344,garans,treasure
δένδρον,102,unigram,neuter,accusative,plural,trees,1.125646325620816,trees,tree	
δένδρον,87,unigram,neuter,accusative,singular,bush,1.0493379808291403,bush,tree	
λίτρα,280,unigram,feminine,accusative,plural,aloe,1.0960524252565438,aloe,unit of measure around 300 grams
κώμη,299,unigram,feminine,accusative,plural,towns,1.6114108199154624,towns,village
κώμη,62,unigram,feminine,accusative,singular,town,1.0823680172037642,town,village
παρθένος,313,unigram,feminine,nominative,plural,girls,1.6527209050639204,girls,virgin
φωνή,229,unigram,feminine,nominative,plural,lungs,1.1615830654957209,lungs,voice or sound
φωνή,358,unigram,feminine,nominative,singular,voice,2.4876596391745758,voice,voice or sound
πόλεμος,292,unigram,masculine,accusative,plural,war,1.6865752000529144,war,war
πόλεμος,49,unigram,masculine,accusative,singular,twenny,1.3567215332868223,twenny,war
ὕδωρ,378,unigram,neuter,accusative,plural,watta,2.0144524953306244,watta,water
ὕδωρ,108,unigram,neuter,accusative,singular,watta,4.42402317647531,watta,water
ὕδωρ,127,unigram,neuter,nominative,singular,watta,2.0144524953306244,watta,water
ὑδρία,133,unigram,feminine,accusative,singular,jar,1.5581282934790306,jar,water jar
ὁδός,293,unigram,feminine,accusative,plural,roads,3.8624380510492182,roads,way
ὁδός,164,unigram,feminine,accusative,singular,road,1.5112667023346251,road,way
γάμος,185,unigram,masculine,accusative,plural,wedding,1.313567125113026,wedding,wedding
γάμος,271,unigram,masculine,accusative,singular,ohana,1.114809953122456,ohana,wedding
γυνή,126,unigram,feminine,accusative,plural,wife,1.0613245241911609,wife,"wife, woman"
γυνή,202,unigram,feminine,accusative,singular,wife,1.2800143594757545,wife,"wife, woman"
γυνή,137,unigram,feminine,nominative,plural,wahines,3.1329146245034982,wahines,"wife, woman"
γυνή,142,unigram,feminine,nominative,singular,wahine,2.4492162848534367,wahine,"wife, woman"
ἄνεμος,74,unigram,masculine,nominative,singular,wind,1.9652710994403224,wind,wind
πνεῦμα,344,unigram,neuter,accusative,plural,spirits,1.148469847734163,spirits,"wind, breath, spirit"
πνεῦμα,190,unigram,neuter,accusative,singular,Spirit,2.31821754809121,Spirit,"wind, breath, spirit"
πνεῦμα,14,unigram,neuter,nominative,plural,spirits,1.7756166701752851,spirits,"wind, breath, spirit"
πνεῦμα,27,unigram,neuter,nominative,singular,Spirit,2.6010837946801035,Spirit,"wind, breath, spirit"
λύκος,13,unigram,masculine,nominative,plural,bulaias,1.2928973731003992,bulaias,wolf
λύκος,5,unigram,masculine,nominative,singular,wolf,1.212529657217808,wolf,wolf
κοιλία,101,unigram,feminine,nominative,plural,Lucky,1.2126376208639589,Lucky,"womb, stomach, source of feelings and emotions"
κοιλία,312,unigram,feminine,nominative,singular,breas,1.2700632218385677,breas,"womb, stomach, source of feelings and emotions"
ῥῆμα,211,unigram,neuter,accusative,plural,nobody,1.1458969557237222,nobody,word
ῥῆμα,187,unigram,neuter,accusative,singular,undastan,1.5637202773987768,undastan,word
ῥῆμα,36,unigram,neuter,nominative,plural,soun,1.3322397961232677,soun,word
λόγος,188,unigram,masculine,accusative,plural,wat,1.1767486073991769,wat,word
λόγος,178,unigram,masculine,accusative,singular,wat,1.1091475503465018,wat,word
λόγος,175,unigram,masculine,nominative,plural,way,1.0859327879105372,way,word
λόγος,333,unigram,masculine,nominative,singular,wat,1.2986803989508664,wat,word
ἔργον,52,unigram,neuter,accusative,plural,do,1.8694097796989435,do,work
ἔργον,110,unigram,neuter,accusative,singular,do,1.8572382157824183,do,work
ἔργον,337,unigram,neuter,nominative,plural,hate,1.0172830660624839,hate,work
ἔργον,311,unigram,neuter,nominative,singular,Trus,1.52654776161379,Trus,work
ἐργάτης,168,unigram,masculine,nominative,plural,Get,1.2499377886060163,Get,worker
ἐργάτης,240,unigram,masculine,nominative,singular,extra,1.013015482382056,extra,worker
μέριμνα,192,unigram,feminine,nominative,plural,growing,1.161311312321613,growing,"worry, concern, desire"
μέριμνα,166,unigram,feminine,nominative,singular,stickas,1.161311312321613,stickas,"worry, concern, desire"
ἔτος,289,unigram,neuter,accusative,plural,year,2.6366253162421462,year,year
ἔτος,203,unigram,neuter,accusative,singular,year,1.5271059784100165,year,year
ζεῦγος,23,unigram,neuter,accusative,plural,Sorry,1.059531995066612,Sorry,"yoke, pair"
ζεῦγος,281,unigram,neuter,accusative,singular,pigeons,1.2928797874965523,pigeons,"yoke, pair"
