lemma,extract_reference_id,tokenisation_method_id,gender,noun_case,noun_number,most_common_translation,cumulative_confidence,version_197_translation,version_198_translation,version_199_translation,version_200_translation,version_201_translation,version_202_translation,version_203_translation,version_204_translation,english_translation
θεός,353,unigram,masculine,accusative,plural,anak-anak-Nya—,1.5241364906809958,,,,,,,,anak-anak-Nya—,God
θεός,147,unigram,masculine,accusative,singular,Allah,366.84703703296344,Allah,Allah,Allah,Allah,Allah,Allah,Allah,Allah,God
θεός,228,unigram,masculine,nominative,singular,Allah,10430780.686722664,Allah,Allah,Allah,Allah,Allah,Allah,Allah,Allah,God
κύριος,355,unigram,masculine,nominative,plural,pemiliknya,2.9633284923314873,melepaskan,,pemiliknya,,pemiliknya,pemiliknya,pemiliknya,ikatan,"Lord, lord, master"
κύριος,148,unigram,masculine,nominative,singular,Tuhan,5975.367814159327,Tuhan,Tuhan,Tuhan,Tuhan,Tuhan,Tuhan,Tuhan,Tuhan,"Lord, lord, master"
γραφή,142,unigram,feminine,accusative,plural,,,Suci,Alkitab,Alkitab,Suci,Alkitab,Suci,Kitab,,Scripture
γραφή,53,unigram,feminine,accusative,singular,Alkitab,1.7131253916545814,,,Alkitab,Alkitab,Alkitab,,Kitab,tertulis,Scripture
γραφή,285,unigram,feminine,nominative,plural,memang,2.2513223700452643,tertulis,isi,memang,Kitab,memang,digenapi,Suci^,dinubuatkan,Scripture
γραφή,348,unigram,feminine,nominative,singular,Alkitab,5.437936535581463,Kitab,Alkitab,Alkitab,Suci,Alkitab,Kitab,Suci,tertulis,Scripture
ἄγγελος,109,unigram,masculine,accusative,plural,mengumpulkan,1.4179573470184716,malaikat-malaikat-Nya,malaekat-Nya,mengumpulkan,mengutus,mengumpulkan,mengumpulkan,mengumpulkan,utara,angel
ἄγγελος,89,unigram,masculine,accusative,singular,utusan-Ku,2.6031277771230514,utusan-Ku,utusan-Ku,untuk-Mu,utusan-Ku,untuk-Mu,utusan-Ku,Maleakhi,,angel
ἄγγελος,49,unigram,masculine,nominative,plural,malaikat,2.3482544494741306,malaikat,malaekat,malaikat-malaikat,malaikat,malaikat-malaikat,malaikat,malaikat,malaikat-malaikat,angel
ἄγγελος,120,unigram,masculine,nominative,singular,malaikat,16417.250960345023,malaikat,malaekat,malaikat,malaikat,malaikat,malaikat,malaikat,malaikat,angel
ἀπόστολος,46,unigram,masculine,nominative,plural,rasul-rasul,4.9843425102120955,rasul-rasul,rasul-rasul,Rasul-rasul,rasul,Rasul-rasul,rasul-rasul,rasul^,murid-murid,apostle
ἀπόστολος,6,unigram,masculine,nominative,singular,mengutusnya,1.7092664178049402,mengutusnya,pesuruhpun,mengutusnya,mengutusnya,mengutusnya,mengutusnya,tidaklah,mewakili,apostle
ἐξουσία,74,unigram,feminine,accusative,plural,,,,,diadili,pembesar,diadili,membela,diseret,membela,authority
ἐξουσία,218,unigram,feminine,accusative,singular,kuasa,258.8242541830229,kuasa,kuasa,kuasa,kuasa,kuasa,kuasa,kuasa,kuasa,authority
βρέφος,17,unigram,neuter,accusative,plural,memarahi,1.6302090639703806,memarahi,dijamah-Nya,memarahi,,memarahi,memarahi,menjamahnya,menjamah,babies
βρέφος,346,unigram,neuter,accusative,singular,,,,palungan,palung,palungan,palung,,terbaring,kotak,babies
ἀποθήκη,292,unigram,feminine,accusative,plural,menyimpan,2.5333202274478372,,,,,,,menyimpan,menyimpan,barn
ἀποθήκη,73,unigram,feminine,accusative,singular,lumbung,2.3472518767357142,,,lumbung,disimpan,lumbung,,,,barn
φραγμός,254,unigram,masculine,accusative,plural,,,,ajaklah,,,,,,Desaklah,"barrier, wall"
φραγμός,125,unigram,masculine,accusative,singular,bepergian,1.0437696902363065,,,,,,,bepergian,,"barrier, wall"
ἀρχή,76,unigram,feminine,accusative,plural,,,,,diadili,pembesar,diadili,membela,diseret,membela,beginning
ἀρχή,199,unigram,feminine,accusative,singular,,,tanda-tanda-Nya,permulaan,keagungan-Nya,Mukjizat,keagungan-Nya,tanda-tanda-Nya,,pertama,beginning
ζώνη,190,unigram,feminine,accusative,plural,tembaga,2.824370010527881,tembaga,tembaga,tembaga,Jangan,tembaga,tembaga,tembaga,bentuk,belt
ζώνη,244,unigram,feminine,accusative,singular,,,,,,terbuat,,,,lebah,belt
βλασφημία,33,unigram,feminine,accusative,plural,,,berpikir,hujat,Guru-guru,menganggap,Guru-guru,berpikir,menghujat^,Terlalu,blasphemy
βλασφημία,106,unigram,feminine,accusative,singular,hujat-Nya,1.823079755477327,hujat-Nya,hujat-Nya,,,,hujat-Nya,menghujat^,dipakainya,blasphemy
βλασφημία,226,unigram,feminine,nominative,plural,hujat,7.999421784783121,hujat,hujat,berbuat,,berbuat,hujat,manusia,termasuk,blasphemy
βλασφημία,90,unigram,feminine,nominative,singular,hujat,3.999807259272543,hujat,,,,,hujat,,bersedia,blasphemy
πλοῖον,118,unigram,neuter,accusative,plural,perahu,13.196102915688028,perahu,perahu,perahu-perahu,perahu,perahu-perahu,perahu,perahu,perahu,boat
πλοῖον,332,unigram,neuter,accusative,singular,perahu,125.94252502850944,perahu,perahu,perahu,perahu,perahu,perahu,perahu,perahu,boat
πλοῖον,261,unigram,neuter,nominative,plural,perahu-perahu,1.6544243577634565,,seada-adanya,Perahu-perahu,perahu-perahu,Perahu-perahu,,perahu-perahu,perahu-perahu,boat
πλοῖον,246,unigram,neuter,nominative,singular,perahu,25.216508838416043,perahu,perahu,perahu,,perahu,perahu,perahu,perahu,boat
σῶμα,235,unigram,neuter,nominative,plural,mayat,1.747419309355809,,mayat,,,,,,,body
σῶμα,64,unigram,neuter,nominative,singular,tubuhmu,17.080646193251898,tubuhmu,tubuhmu,badanmu,tubuh,badanmu,tubuhmu,tubuhmu,tubuhmu,body
κλῆμα,60,unigram,neuter,nominative,plural,,,kamulah,carang-carangnya,cabang-cabangnya,carang-carangnya,cabang-cabangnya,kamulah,,cabang-cabang-Ku,branch
κλῆμα,165,unigram,neuter,nominative,singular,,,ranting,carang,bersatu,carang,bersatu,ranting,,terpisah,branch
ἄρτος,337,unigram,masculine,accusative,plural,roti,42182.54599236797,roti,roti,roti,roti,roti,roti,roti,roti,bread
ἄρτος,365,unigram,masculine,accusative,singular,roti,305.2760065712431,roti,roti,roti,roti,roti,roti,roti,roti,bread
ἄρτος,173,unigram,masculine,nominative,plural,roti,8.832867026444582,roti,sebanyak,roti,menjawab,roti,roti,roti,roti,bread
ἄρτος,40,unigram,masculine,nominative,singular,roti,115.71125912782593,roti,Roti,roti,Roti,roti,roti,roti,roti,bread
ἀδελφός,321,unigram,masculine,accusative,plural,,,saudaranya,saudaranya,saudara,saudara,saudara,saudaranya,laki-laki,saudara-saudarinya,brother
ἀδελφός,134,unigram,masculine,accusative,singular,,,saudaranya,saudaranya,Yakobus,saudaranya,Yakobus,saudaranya,Yakobus,Yakobus,brother
ἀδελφός,124,unigram,masculine,nominative,plural,saudara-saudara-Nya,1.9678029238599195,saudara-saudara-Ku,saudara-saudara-Nya,saudara-saudara,saudara-saudara-Nya,saudara-saudara,saudara-saudara-Ku,saudara-saudara-Nya,ibu,brother
ἀδελφός,252,unigram,masculine,nominative,singular,,,saudaranya,saudara,saudara,saudaranya,saudara,saudaranya,saudaranya,saudara,brother
στῆθος,170,unigram,neuter,accusative,plural,menonton,1.1217119142615875,,,menonton,berdukacita,menonton,,penyaliban,kejadian-kejadian,"chest, breast"
στῆθος,307,unigram,neuter,accusative,singular,,,berpaling,,pengikut,,pengikut,berpaling,menoleh,siapakah,"chest, breast"
ἀρχιερεύς,266,unigram,masculine,accusative,plural,kepala,2.239026852639172,imam-imam,imam,kepala,kepala,kepala,imam-imam,kepala,kepala,chief priest
ἀρχιερεύς,65,unigram,masculine,accusative,singular,,,Imam,Besar,,imam,,Imam,Kayafas,imam,chief priest
ἀρχιερεύς,133,unigram,masculine,nominative,plural,kepala,37.890148984546606,kepala,imam,kepala,kepala,kepala,kepala,kepala,kepala,chief priest
ἀρχιερεύς,270,unigram,masculine,nominative,singular,agung,1.544994479663632,Imam,Besar,agung,imam,agung,Imam,besar,agung,chief priest
παῖς,257,unigram,masculine,accusative,plural,marah,2.7447867578980993,sangat,laki-laki,marah,maupun,marah,anak-anak,marah,marah,child
παῖς,51,unigram,masculine,accusative,singular,membanting,1.1881168622017642,,,membanting,menghempaskannya,membanting,,membanting,,child
τέκνον,357,unigram,neuter,accusative,plural,anak-anaknya,31.40090117508985,anak-anaknya,anak-anaknya,anak-anaknya,anak-anaknya,anak-anaknya,anak-anaknya,anak-anaknya,anak-anaknya,child
τέκνον,196,unigram,neuter,accusative,singular,saudaranya,2.8468941786371462,saudaranya,saudaranya,saudaranya,saudaranya,saudaranya,saudara,Anak-anak,saudaranya,child
τέκνον,18,unigram,neuter,nominative,plural,Anak-anak,1.507287380506976,memberontak,bapa,Anak-anak,,Anak-anak,,Anak-anak,tuanya,child
τέκνον,211,unigram,neuter,nominative,singular,Nak,2.437506522796335,anak-Ku,anakku,Nak,Nak,Nak,dosa-dosamu,Anakku,,child
παιδίον,16,unigram,neuter,accusative,plural,anak-anak,1.8177193551719668,menghalang-halangi,kanak-kanak,anak-anak,melarang,anak-anak,anak-anak,Biarkan,melarang,child
παιδίον,99,unigram,neuter,accusative,singular,ibu-Nya,2.5963316847336384,ibu-Nya,kanak-kanak,ibu-Nya,kecil,ibu-Nya,ibu-Nya,ibu-Nya,anak,child
παιδίον,188,unigram,neuter,nominative,plural,anak-anak,3.3906536225395194,kecil,kanak-kanak,anak-anak,anak-anak,anak-anak,kecil,anak-anak,anak-anak,child
παιδίον,42,unigram,neuter,nominative,singular,anak,4.579504153949984,anak,kanak-kanak,anak,anak,anak,anak,anak,anak,child
πόλις,200,unigram,feminine,accusative,plural,kota-kota,5.944252529903473,kota-kota,negeri,kota-kota,kota-kota,kota-kota,kota-kota,kota,kota-kota,city
πόλις,69,unigram,feminine,accusative,singular,kota,1964.8816700866075,kota,negeri,kota,kota,kota,kota,kota,kota,city
πύλη,225,unigram,feminine,nominative,singular,sempit,6.520331473157207,menuju,pintu,sempit,sempit,sempit,menuju,sempit,sempit,city gate
χιτών,129,unigram,masculine,accusative,plural,baju,2.2532026817999506,baju,baju,helai,cadangan,helai,baju,,ganti,"clothing, undergarments"
χιτών,30,unigram,masculine,accusative,singular,bajumu,1.9813718129543627,,,,,,,bajumu,bajumu,"clothing, undergarments"
ἱμάτιον,145,unigram,neuter,accusative,plural,pakaian-Nya,6.8184465319804035,pakaian-Nya,pakaian-Nya,jubah,jubah,jubah,pakaian-Nya,pakaian-Nya,jubah-jubah,coat
ἱμάτιον,144,unigram,neuter,accusative,singular,jubahnya,3.7906662029797835,,mengambil,jubahnya,jubah,jubahnya,,pakaiannya,jubahmu,coat
ἐντολή,87,unigram,feminine,accusative,plural,,,perintah,hukum-Ku,perintah-perintah-Ku,,perintah-perintah-Ku,perintah,perintah,perintah-perintah-Ku,commandment
ἐντολή,85,unigram,feminine,accusative,singular,perintah,139.31400562000442,perintah,hukum,perintah,perintah,perintah,perintah,perintah,perintah,commandment
συνέδριον,341,unigram,neuter,accusative,plural,,,majelis,,mahkamah-mahkamah,waspadalah,mahkamah-mahkamah,majelis,pengadilan,sidang,council
συνέδριον,55,unigram,neuter,accusative,singular,,,,Majelis,,,,,,kepala,council
χώρα,310,unigram,feminine,accusative,singular,daerah,1.7269600040056556,daerah,ke,,negeri,,daerah,negeri,daerah,"country, countryside"
ὄχλος,61,unigram,masculine,accusative,plural,banyak,466.5853177139792,banyak,banyak,banyak,banyak,banyak,banyak,banyak,banyak,crowd
ὄχλος,11,unigram,masculine,accusative,singular,banyak,566.5648559411077,banyak,banyak,banyak,banyak,banyak,banyak,banyak,banyak,crowd
ὄχλος,111,unigram,masculine,nominative,plural,banyak,489.09513808450413,banyak,banyak,banyak,banyak,banyak,banyak,banyak,banyak,crowd
ὄχλος,302,unigram,masculine,nominative,singular,banyak,1108.8658414969275,banyak,banyak,banyak,banyak,banyak,banyak,banyak,banyak,crowd
θυγάτηρ,127,unigram,feminine,nominative,plural,Tangisilah,1.200090547449945,,tangiskanlah,Tangisilah,,Tangisilah,,,,daughter
θυγάτηρ,336,unigram,feminine,nominative,singular,perempuan,4.327272879227903,perempuan,anak,perempuan,imanmu,perempuan,perempuan,putri,Yairus,daughter
ἡμέρα,79,unigram,feminine,accusative,plural,hari,5005.692257992768,hari,hari,hari,hari,hari,hari,hari,hari,day
ἡμέρα,91,unigram,feminine,accusative,singular,hari,405.39951124949437,hari,hari,hari,hari,hari,hari,hari,hari,day
ἡμέρα,2,unigram,feminine,nominative,plural,waktunya,8.738141877692104,waktunya,harinya,hari-hari,saatnya,hari-hari,waktunya,waktunya,waktunya,day
ἡμέρα,71,unigram,feminine,nominative,singular,hari,40.55622008870266,hari,hari,hari,hari,hari,hari,hari,hari,day
ὀφειλέτης,272,unigram,masculine,nominative,plural,penjagaan,1.095394287878594,,,,,,,,penjagaan,debtor
δαιμόνιον,31,unigram,neuter,accusative,plural,mengusir,4.120506486382868,mengusir,setan,mengusir,mengusir,mengusir,mengusir,mengusir,mengusir,demon
δαιμόνιον,351,unigram,neuter,accusative,singular,setan,11.136725020904317,setan,bersetan,setan,setan,setan,setan,roh,setan,demon
δαιμόνιον,213,unigram,neuter,nominative,plural,,,setan-setan,setan,jahat,setan,jahat,setan-setan,jahat,setan-setan,demon
δαιμόνιον,187,unigram,neuter,nominative,singular,setan,15.695049077865729,setan,setan,roh,setan,roh,setan,jahat,setan,demon
δηνάριον,326,unigram,neuter,accusative,plural,dinar,9.802992716666715,dinar,dinar,berutang,dinar,berutang,dinar,keping,keping,denarius (about a day's wages)
δηνάριον,175,unigram,neuter,accusative,singular,dinar,13.578581944017236,dinar,dinar,perak,,perak,dinar,uang,keping,denarius (about a day's wages)
μαθητής,193,unigram,masculine,accusative,plural,murid-murid-Nya,5627.781597773162,murid-murid-Nya,murid-murid-Nya,pengikut-pengikut-Nya,murid-murid-Nya,pengikut-pengikut-Nya,murid-murid-Nya,murid-murid-Nya,murid-murid-Nya,disciple
μαθητής,358,unigram,masculine,accusative,singular,murid,3.2952238534650875,murid,murid,pengikut,,pengikut,murid,murid,murid,disciple
μαθητής,296,unigram,masculine,nominative,plural,murid-murid-Nya,11.296622733507247,murid-murid-Nya,murid-murid-Nya,pengikut-pengikut,murid-murid-Nya,pengikut-pengikut,murid-murid-Nya,murid-murid-Nya,kami,disciple
μαθητής,356,unigram,masculine,nominative,singular,murid,458.9201052927793,murid,murid,pengikut,murid,pengikut,murid,murid,saya,disciple
νόσος,3,unigram,feminine,accusative,plural,penyakit,5.477679185411417,,,penyakit,penyakit,penyakit,,penyakit,penyakit,disease
νόσος,78,unigram,feminine,accusative,singular,,,kelemahan,aib,cacat,penyakit,cacat,kelemahan,menyembuhkan,penyakit,disease
περιστερά,110,unigram,feminine,accusative,plural,merpati,7.008684738940833,merpati,merpati,merpati,merpati,merpati,merpati,merpati,merpati,dove
περιστερά,57,unigram,feminine,accusative,singular,merpati,2.7893406713302578,merpati,merpati,merpati,merpati,merpati,merpati,merpati,merpati,dove
οὖς,164,unigram,neuter,accusative,plural,telinga,2.179363618380785,telinga,bertelinga,telinga,bertelinga,telinga,telinga,mendengar,telingamu,ear
οὖς,301,unigram,neuter,accusative,singular,telinga,1.406829857676981,telinga,,seluas-luasnya,telinga,seluas-luasnya,telinga,terang,diam-diam,ear
σεισμός,219,unigram,masculine,nominative,plural,gempa,1.2703527513255826,gempa,gempa,,gempa,,gempa,kelaparan,gempa,"earthquakes, storm"
σεισμός,67,unigram,masculine,nominative,singular,,,,sekonyong-konyong,,hebat,,,,Tiba-tiba,"earthquakes, storm"
τέλος,34,unigram,neuter,accusative,plural,pungut,1.2110541754715731,,,,,,,pungut,,end
τέλος,294,unigram,neuter,accusative,singular,,,kesudahannya,bertekun,akhir,,akhir,kesudahannya,selamat,diselamatkan,end
αἰών,258,unigram,masculine,accusative,plural,berkesudahan,1.3148164787270649,berkesudahan,,Kerajaan-Nya,berkesudahan,Kerajaan-Nya,berkesudahan,Yakub^,Yahudi—,eternity
αἰών,322,unigram,masculine,accusative,singular,selama-lamanya,3961.4490598519687,selama-lamanya,selama-lamanya,selama-lamanya,selama-lamanya,selama-lamanya,selama-lamanya,selama-lamanya,selama-lamanya,eternity
ὀφθαλμός,24,unigram,masculine,accusative,plural,mata,9.266679365166462,memelekkan,mencelikkan,mata,mata,mata,memelekkan,mata,mata,eye
ὀφθαλμός,68,unigram,masculine,nominative,plural,,,mata,mata,mengantuk,mengantuk,mengantuk,mata,kembali,melihat,eye
ὀφθαλμός,319,unigram,masculine,nominative,singular,matamu,10.0296955582595,matamu,mata,matamu,mata,matamu,matamu,cungkillah,matamu,eye
πρόσωπον,135,unigram,neuter,accusative,plural,,,mengubah,mukanya,,,,,,muka,face
πρόσωπον,208,unigram,neuter,accusative,singular,pandang,2.139741869251185,jujur,ajarkan,pandang,terpengaruh,pandang,muka,kedudukan,kehendaki,face
λιμός,7,unigram,feminine,nominative,plural,kelaparan,1.3668019723148532,kelaparan,kelaparan,,kelaparan,,kelaparan,,,famine
λιμός,331,unigram,masculine,nominative,plural,sampar,1.0954126531313877,sampar,,,,,,,,famine
λιμός,101,unigram,feminine,nominative,singular,habislah,1.0954126531313877,,,,,,,,habislah,famine
λιμός,149,unigram,masculine,nominative,singular,kelaparan,1.2708591170954873,,,kelaparan,,kelaparan,,bencana,kelaparan,famine
γεωργός,271,unigram,masculine,nominative,plural,penggarap-penggarap,8.176579364004505,penggarap-penggarap,dusun,penggarap-penggarap,penggarap,penggarap-penggarap,penggarap-penggarap,bunuh,bunuh,"farmer, tenant"
γεωργός,52,unigram,masculine,nominative,singular,,,pengusahanya,Pembelanya,kebunnya,Pemeliharanya,kebunnya,pengusahanya,penggarap,merawat,"farmer, tenant"
πατήρ,325,unigram,masculine,accusative,singular,Bapa,521.2621662516384,Bapa,Bapa,Bapa,Bapa,Bapa,Bapa,Bapa,Bapa-Ku,father
πατήρ,335,unigram,masculine,nominative,plural,moyang,2.258476765145046,moyang,,Nenek,moyang,Nenek,moyang,Nenek,moyang,father
πατήρ,202,unigram,masculine,nominative,singular,Bapa,1798.72010815401,Bapa,Bapa,Bapa,Bapa,Bapa,Bapa,Bapa,Bapa,father
ἀγρός,350,unigram,masculine,accusative,plural,kampung-kampung,2.132226408950628,kampung-kampung,dusun-dusun,desa,,desa,kampung-kampung,kampung-kampung,ladangnya,field
ἀγρός,41,unigram,masculine,accusative,singular,membeli,6.7243418522484975,ladang,,membeli,membeli,membeli,ladang,membeli,ladang,field
δάκτυλος,192,unigram,masculine,accusative,singular,Tomas,23.924828718481926,Tomas,Tomas,Tomas,lubang,Tomas,Tomas,Tomas,,finger
ἰχθύς,167,unigram,masculine,accusative,plural,ikan,3.174285676213991,ikan,ikan,ikan,ikan,ikan,ikan,ikan,ikan,fish
ἰχθύς,207,unigram,masculine,accusative,singular,ikan,15.119329046021702,ikan,ikan,ikan,ular,ikan,ikan,ikan,ikan,fish
δίκτυον,119,unigram,neuter,accusative,plural,jala,70.50512972599984,jalanya,jalanya,jala,jala,jala,jalanya,jala,jala,fishing net
δίκτυον,216,unigram,neuter,accusative,singular,ikan,1.3584185309712404,perahu,ikan,ikan,jala,ikan,perahu,jala,,fishing net
δίκτυον,262,unigram,neuter,nominative,singular,sungguhpun,1.2709306037229178,sungguhpun,koyak,,,,sungguhpun,,,fishing net
τροφή,264,unigram,feminine,accusative,plural,membeli,1.2045748863785635,membeli,membeli,,membeli,,membeli,Percakapan,Sikar,food
τροφή,345,unigram,feminine,accusative,singular,,,orang-orangnya,tertentu,bijaksana,mengatur,bijaksana,orang-orangnya,,Buktikanlah,food
πούς,253,unigram,masculine,accusative,plural,kaki,629.0498672952964,kaki,kaki,kaki,kaki,kaki,kaki,kaki,kaki,foot
πούς,123,unigram,masculine,accusative,singular,,,,,,,,kaki-Mu,,kakimu,foot
καρπός,198,unigram,masculine,accusative,plural,buah,2.8098625000503534,menghasilkan,buah,buah,Jenis,buah,menghasilkan,panen,hasil,"fruit, crop, harvest"
καρπός,249,unigram,masculine,accusative,singular,berbuah,1.3721014903819513,buah,berbuah,berbuah,berbuah,berbuah,buah,buah,menghasilkan,"fruit, crop, harvest"
πλήρωμα,288,unigram,neuter,accusative,plural,sisa,1.2386246079308552,potongan-potongan,sisa,bakul,4.000,bakul,potongan-potongan,sisa,sisa,fullness
πλήρωμα,344,unigram,neuter,accusative,singular,,,,,,mengerut,,,susut,,fullness
γενεά,289,unigram,feminine,accusative,plural,,,turun-temurun,,,,,,,orangyang,generation
γενεά,250,unigram,feminine,accusative,singular,zaman,2.0129247342889425,angkatan,Dengan,zaman,,zaman,zaman,,,generation
γενεά,333,unigram,feminine,nominative,plural,keturunan,1.8106601693838889,keturunan,,,masa,,keturunan,,,generation
γενεά,163,unigram,feminine,nominative,singular,ini,1.1835700602266783,angkatan,bangsa,ini,Berapa,ini,Orang-orang,bersabar,tanda,generation
δῶρον,324,unigram,neuter,accusative,plural,,,persembahan,memasukkan,diperlukannya,,diperlukannya,persembahan,,berada,gift
δῶρον,176,unigram,neuter,accusative,singular,mezbah,2.7655096839892668,mezbah,korban,pemberiannya,mazbah,pemberiannya,mezbah,persembahanmu,mezbah,gift
ἡγεμών,185,unigram,masculine,accusative,plural,raja-raja,1.7363605156302968,,pemerintah,raja-raja,raja-raja,raja-raja,,raja-raja,diseret,"governor, ruler"
ἡγεμών,13,unigram,masculine,accusative,singular,gubernur,2.386627816758422,wali,disahut-Nya,gubernur,terheran-heran,gubernur,gubernur,tuduhan,sepatah,"governor, ruler"
σταφυλή,201,unigram,feminine,accusative,plural,,,buahnyalah,,Belukar,,Belukar,buahnyalah,,dihasilkan,grapes
σταφυλή,360,unigram,feminine,accusative,singular,,,duri-duri,,Belukar,,Belukar,duri-duri,semak-semak,Semak,grapes
ἀσπασμός,338,unigram,masculine,accusative,plural,,,penghormatan,hormat,pasar-pasar,dihormati,pasar-pasar,penghormatan,suka,pasar,greeting
ἀσπασμός,186,unigram,masculine,accusative,singular,,,melonjaklah,,bergerak,,bergerak,melonjaklah,melompat,menendang-nendang,greeting
ὁδηγός,5,unigram,masculine,nominative,plural,,,menuntun,,parit,,parit,menuntun,,,guide
ὁδηγός,4,unigram,masculine,nominative,singular,pemimpin-pemimpin,2.6852388479791913,pemimpin-pemimpin,pemimpin,pemimpin-pemimpin,Pemimpin,pemimpin-pemimpin,pemimpin-pemimpin,pemimpin-pemimpin,penuntun,guide
θρίξ,100,unigram,feminine,nominative,plural,,,rambut,,dihitung,kepala,dihitung,rambut,,,hair
χείρ,328,unigram,feminine,accusative,plural,tangan,8.3533372693377,tangan,tangan,tangan,tangan,tangan,tangan,tangan,tangan,hand
χείρ,238,unigram,feminine,accusative,singular,tangannya,11.243283893203335,tangannya,tangan-Nya,tangannya,mengulurkan,tangannya,tangannya,tangannya,tangannya,hand
κεφαλή,155,unigram,feminine,accusative,plural,menggeleng-gelengkan,2.264572427894593,menggelengkan,,menggeleng-gelengkan,,menggeleng-gelengkan,menggelengkan,menggeleng-gelengkan,Orang-orang,head
κεφαλή,223,unigram,feminine,accusative,singular,kepala,1.921383884132256,kepala-Nya,kepala-Nya,kepala,kepala,kepala,kepala-Nya,kepala,tukang-tukang,head
στάχυς,224,unigram,masculine,accusative,plural,memetik,1.1309496054417387,bulir,ladang-ladang,memetik,bulir-bulir,memetik,bulir,memetik,,head of grain
καρδία,35,unigram,feminine,accusative,plural,benar,1.4614601647234309,,hadapan,benar,,benar,,benar,bijaksana,heart
καρδία,304,unigram,feminine,accusative,singular,hati,9.56901978932393,hati,hatimu,hati,hati,hati,hati,mengerti,hati,heart
καρδία,209,unigram,feminine,nominative,singular,hatimu,18.9827551878772,hatimu,hatimu,hatimu,hati,hatimu,hatimu,hatimu,hati,heart
οὐρανός,8,unigram,masculine,accusative,plural,langit,1.6677942199156468,,langit,,atas-Nya,,langit,langit,,"heaven, sky"
οὐρανός,284,unigram,masculine,accusative,singular,langit,133.52167226649595,langit,langit,langit,langit,langit,langit,langit,langit,"heaven, sky"
οὐρανός,364,unigram,masculine,nominative,plural,langit,1.6195263399484767,langit,langit,,,,langit,langit,,"heaven, sky"
οὐρανός,214,unigram,masculine,nominative,singular,langit,4.397480119270884,langit,langit,Langit,bumi,Langit,langit,langit,langit,"heaven, sky"
ὥρα,309,unigram,feminine,nominative,plural,jam,1.1543752558798663,jam,jam,,siang,,jam,tersandung,cahayanya,hour
ὥρα,27,unigram,feminine,nominative,singular,waktunya,20.221823140641924,saatnya,waktunya,waktunya,waktunya,waktunya,saatnya,tiba,tiba,hour
οἰκία,169,unigram,feminine,accusative,plural,menerima,2.261989938366895,menerima,,panjang-panjang,menerima,panjang-panjang,menerima,berpura-pura,,house
οἰκία,342,unigram,feminine,accusative,singular,rumah,11382.830995003564,rumah,rumah,rumah,rumah,rumah,rumah,rumah,rumah,house
οἶκος,23,unigram,masculine,accusative,singular,rumah,2.555901069729278,rumah,ke,rumah,rumah,rumah,rumah,rumah,rumah,"house, home"
κριτής,323,unigram,masculine,nominative,plural,,,,hakimmu,,,,,roh-roh,Anggota-anggota,judge
κριτής,178,unigram,masculine,nominative,singular,hakim,406.7965615104232,hakim,hakim,hakim,hakim,hakim,hakim,hakim,hakim,judge
βασιλεύς,117,unigram,masculine,accusative,plural,raja-raja,2.488204932383417,raja-raja,pemerintah,raja-raja,raja-raja,raja-raja,raja-raja,raja-raja,,king
βασιλεύς,62,unigram,masculine,accusative,singular,raja,134.52405027635092,raja,raja,raja,Raja,raja,raja,raja,raja,king
βασιλεία,83,unigram,feminine,accusative,plural,kerajaan,1.4890370119609566,kerajaan,memperlihatkan,kerajaan,memperlihatkan,kerajaan,kerajaan,kerajaan,ajaib,kingdom
βασιλεία,174,unigram,feminine,accusative,singular,Kerajaan,167.4560620740673,Kerajaan,kerajaan,anggota,Kerajaan,anggota,Kerajaan,Kerajaan,kerajaan,kingdom
κόπος,217,unigram,masculine,accusative,plural,menyusahkan,3.823604408172693,menyusahkan,menyusahkan,menyusahkan,sesuatu,menyusahkan,menyusahkan,sesuatu,perbuatan,"labour, work, trouble, difficulty"
κόπος,93,unigram,masculine,accusative,singular,usahakan,1.4932705255511052,usahakan,,usahakan,hasilnya,usahakan,usahakan,,,"labour, work, trouble, difficulty"
λύχνος,247,unigram,masculine,nominative,singular,,,pelita,pelita,lampu,cahaya,lampu,pelita,lampu,terang,lamp
κλῆρος,107,unigram,masculine,accusative,plural,dilakukannya.,1.0954080587464583,,,,,,,dilakukannya.,,"lots (casting of lots), inheritance"
κλῆρος,1,unigram,masculine,accusative,singular,undi,1.189689426167204,,,,,,,undi,undi,"lots (casting of lots), inheritance"
ἄνθρωπος,312,unigram,masculine,accusative,plural,orang,2.0016463569792378,,orang,orang,,orang,,terlalu,,man
ἄνθρωπος,273,unigram,masculine,accusative,singular,,,menajiskan,menajiskan,najis,menajiskan,najis,menajiskan,najis,najis,man
ἄνθρωπος,130,unigram,masculine,nominative,plural,manusia,1.0156154526670664,,manusia,,,,,,,man
ἄνθρωπος,191,unigram,masculine,nominative,singular,seorang,44.26552993759208,seorang,seorang,seorang,negeri,seorang,seorang,seorang,seorang,man
ἀνήρ,268,unigram,masculine,accusative,singular,suami,3.665769710308394,suami,,kata,,kata,suami,suami,,"man, husband"
ἀνήρ,161,unigram,masculine,nominative,plural,ribu,4.553751502591553,ribu,ribu,ribu,5.000,ribu,ribu,5.000,ribu,"man, husband"
ἀνήρ,255,unigram,masculine,nominative,singular,seorang,3.5513314590794174,seorang,seorang,laki-laki,mohon,laki-laki,seorang,seorang,seorang,"man, husband"
μνᾶ,315,unigram,feminine,accusative,plural,,,mina,kati,sepuluh,keuntungan,sepuluh,mina,kantong,logam,mina (about 100 days' wages)
μνᾶ,14,unigram,feminine,accusative,singular,Ambil,1.4985380687189738,mina,,Ambil,daripadanya,Ambil,mina,Ambil,,mina (about 100 days' wages)
πρωτοκαθεδρία,115,unigram,feminine,accusative,plural,pesta-pesta,1.6175950585192718,terdepan,mulia,pesta-pesta,,pesta-pesta,terbaik,suka,,"most important seat, seat of honour"
πρωτοκαθεδρία,37,unigram,feminine,accusative,singular,terhormat,1.1217119142615875,terdepan,20:46,terhormat,,terhormat,terbaik,pasar-pasar,deretan,"most important seat, seat of honour"
μήτηρ,105,unigram,feminine,accusative,plural,,,disertai,aniaya,sawah,penganiayaan.,sawah,disertai,Upah,,mother
μήτηρ,297,unigram,feminine,accusative,singular,ibunya,7.278328960300429,ibunya,ibunya,ibu,ibu-Nya,ibu,ibunya,ayah,ibu-bapaknya,mother
ὄρος,233,unigram,neuter,accusative,plural,pegunungan,3.4775163376102753,pegunungan,gunung,pegunungan,hendaknya,pegunungan,pegunungan,Yudea,melarikan,mountain
ὄρος,282,unigram,neuter,accusative,singular,Zaitun,1.1325535143692091,Zaitun,gunung,,Zaitun,,bukit,Bukit,,mountain
μύρον,94,unigram,neuter,accusative,plural,Yesus.Pada,1.1999893688396932,beristirahat,bau-bauan.Maka,Yesus.Pada,peraturan,Yesus.Pada,mur,rempah-rempah,harum,myrrh
ὄνομα,92,unigram,neuter,accusative,plural,Boanerges,1.2006865634122648,,,Boanerges,,Boanerges,,,,name
ὄνομα,36,unigram,neuter,accusative,singular,nama-Ku,3.5060148240170403,nama-Ku,nama-Ku,karena,milik-Ku,karena,nama-Ku,,melahirkan,name
ὄνομα,113,unigram,neuter,nominative,plural,terdaftar,1.1058601296573602,,,,terdaftar,,,,,name
ὄνομα,269,unigram,neuter,nominative,singular,bernama,46.22976044896758,bernama,bernama,bernama,,bernama,bernama,bernama,bernama,name
ἔθνος,245,unigram,neuter,accusative,plural,bangsa,122.22995820834984,bangsa,bangsa,bangsa,bangsa,bangsa,bangsa,bangsa,seluruh,nation
ἔθνος,210,unigram,neuter,accusative,singular,bangsa,11.315036980888113,bangsa,bangsa,bangsa,Bangsa-bangsa,bangsa,bangsa,berperang,antar,nation
ἔθνος,318,unigram,neuter,nominative,plural,,,bangsa-bangsa,kafir,dikejar,,dikejar,bangsa-bangsa,bangsa,dikuatirkan,nation
ἔθνος,28,unigram,neuter,nominative,singular,,,bangsa,bangsa,berperang,Bangsa-bangsa,berperang,bangsa,berperang,antar,nation
νύξ,204,unigram,feminine,accusative,plural,malam,47.64786767513518,malam,malam,malam,Selama,malam,malam,malam,malam,night
νύξ,263,unigram,feminine,accusative,singular,siang,1.5681416675499364,siang,siang,,pemeliharaannya,,siang,siang,sendirinya,night
ὅρκος,63,unigram,masculine,accusative,plural,hadapan,1.120513034669899,,,hadapan,diucapkannya,hadapan,,janji,bersumpah,oath
ὅρκος,281,unigram,masculine,accusative,singular,leluhur,1.160164722821634,,,,,,,leluhur,,oath
βοῦς,166,unigram,masculine,accusative,plural,penukar,1.8101040309434486,penukar-penukar,penukar,sapi,penukar,sapi,penukar-penukar,lembu,penukar,ox
βοῦς,293,unigram,masculine,accusative,singular,,,,keledainya,,,,,keledaimu,,ox
παραβολή,277,unigram,feminine,accusative,plural,,,perumpamaan-perumpamaan,perumpamaan,perumpamaan-perumpamaan,perumpamaan,perumpamaan-perumpamaan,,perumpamaan,mengerti,parable
παραβολή,239,unigram,feminine,accusative,singular,perumpamaan,6595.908502186961,perumpamaan,perumpamaan,perumpamaan,perumpamaan,perumpamaan,perumpamaan,perumpamaan,perumpamaan,parable
μέρος,363,unigram,neuter,accusative,plural,daerah,28.149080310395956,daerah,jajahan,daerah,daerah,daerah,daerah,daerah,mendapat,part
μέρος,54,unigram,neuter,accusative,singular,bagian,3.3783876840537133,bagian,bahagian,,dijebloskan,,bagian,,senasib,part
μαργαρίτης,241,unigram,masculine,accusative,plural,mutiara,1.9999519100001009,,,,mutiara,,,,,pearls
τόπος,291,unigram,masculine,accusative,plural,kelaparan,1.4220918814660404,berbagai,kelaparan,bahaya,kelaparan,bahaya,,kelaparan,,place
τόπος,311,unigram,masculine,accusative,singular,tempat,6249.4202219246745,tempat,tempat,tempat,tempat,tempat,tempat,tempat,tempat,place
πρωτοκλισία,295,unigram,feminine,accusative,plural,,,terhormat,mulia,tempat-tempat,kehormatan,tempat-tempat,terhormat,,,place of honor
πρωτοκλισία,38,unigram,feminine,accusative,singular,terhormat,6.026080392571603,terhormat,perjamuan,kursi,kehormatan,kursi,terhormat,terhormat,,place of honor
ὄφις,114,unigram,masculine,accusative,singular,ular,561.3240929617544,ular,ular,ular,ular,ular,ular,ular,ular,poison
σκεῦος,150,unigram,neuter,accusative,plural,mengikat,1.051932600697652,,merampasi,mengikat,diikat,mengikat,,barang-barang,barang-barangnya,"possession, object, thing, jar, vessel"
δύναμις,116,unigram,feminine,accusative,plural,keajaiban,2.845334966426256,mujizat,mujizat,keajaiban,membuat,keajaiban,mukjizat,melakukan,keajaiban,"power, ability, miracle"
δύναμις,48,unigram,feminine,accusative,singular,kuasa,102.5205701303895,kuasa,kuasa,kekuatan,kuasa,kekuatan,kuasa,kuasa,kuasa,"power, ability, miracle"
δύναμις,86,unigram,feminine,nominative,plural,,,kuasa-kuasa,mujizat,keajaiban,mukjizat-mukjizat,keajaiban,kuasa-kuasa,bertobat,keajaiban-keajaiban,"power, ability, miracle"
δύναμις,126,unigram,feminine,nominative,singular,kuasa,6.938305746310648,kuasa,kuasa,menyembuhkan,kuasa,menyembuhkan,menyembuhkan,kuasa,kuasa,"power, ability, miracle"
ἱερεύς,21,unigram,masculine,nominative,plural,,,hari-hari,28:9,,bertugas,,,Ditulis,,priest
ἱερεύς,259,unigram,masculine,nominative,singular,imam,7.529379242251994,imam,imam,imam,imam,imam,imam,imam,salah,priest
φυλακή,274,unigram,feminine,accusative,plural,,,penjara-penjara,binatangnya,,gubernur-gubernur,,penjara-penjara,gubernur-gubernur,menganiaya,prison
φυλακή,26,unigram,feminine,accusative,singular,penjara,91.57254864177729,penjara,penjara,penjara,penjara,penjara,penjara,penjara,dipenjarakan,prison
προφήτης,66,unigram,masculine,accusative,plural,nabi-nabi,22.68456827061314,nabi-nabi,nabi-nabi,nabi-nabi,nabi,nabi-nabi,nabi-nabi,nabi-nabi,nabi,prophet
προφήτης,215,unigram,masculine,accusative,singular,nabi,2302.8445525981288,nabi,nabi,nabi,nabi,nabi,nabi,seorang,nabi,prophet
προφήτης,240,unigram,masculine,nominative,plural,nabi,53.27931239545688,nabi,nabi,nabi,nabi,nabi,nabi,Hukum,nabi,prophet
προφήτης,283,unigram,masculine,nominative,singular,nabi,9114.264087588639,nabi,nabi,nabi,nabi,nabi,nabi,nabi^,nabi,prophet
βαλλάντιον,140,unigram,neuter,accusative,plural,Jualkanlah,1.0954034664104502,,Jualkanlah,,,,,,,purse
βαλλάντιον,20,unigram,neuter,accusative,singular,pundi-pundi,1.3955343396693103,pundi-pundi,pundi-pundi,dompet,tas,dompet,pundi-pundi,uang,tas,purse
ποταμός,136,unigram,masculine,nominative,plural,,,,kencang,,,,,,deras,river
ποταμός,181,unigram,masculine,nominative,singular,,,banjir,menempuh,pondasi,,pondasi,banjir,menghantam,meluap,river
λῃστής,44,unigram,masculine,accusative,plural,penyamun,7.999420168754022,penyamun,penyamun,,,,penyamun,,,robber
λῃστής,362,unigram,masculine,accusative,singular,pentungan,1.060035085899432,,berbelantan,pentungan,perampok,pentungan,,penjahat,kah,robber
λῃστής,339,unigram,masculine,nominative,plural,disalibkan,3.011923759608899,disalibkan,penyamun,,perampok,,disalibkan,disalibkan,pencuri,robber
λῃστής,171,unigram,masculine,nominative,singular,perampok,7.999420168754022,,penyamun,perampok,,perampok,adalah,perampok,,robber
ἄρχων,221,unigram,masculine,accusative,plural,rakyat,1.6107905863918295,pemimpin-pemimpin,berhimpun,rakyat,rakyat,rakyat,pemimpin-pemimpin,rakyat,Mahkama,ruler
ἄρχων,103,unigram,masculine,accusative,singular,berusahalah,1.2000601457987268,,,berusahalah,menggugat,berusahalah,,,,ruler
ἄρχων,70,unigram,masculine,nominative,plural,pemimpin-pemimpin,7.238684597106476,,penghulu-penghulu,pemimpin-pemimpin,pemimpin-pemimpin,pemimpin-pemimpin,pemimpin-pemimpin,pemimpin,pemimpin,ruler
ἄρχων,334,unigram,masculine,nominative,singular,penguasa,12.793123405181952,penguasa,penghulu,penguasa,penguasa,penguasa,penguasa,dihakimi,penguasa,ruler
ἀκοή,9,unigram,feminine,accusative,plural,,,,peperangan,,,,,perang,berlangsung,rumor
ἀκοή,80,unigram,feminine,accusative,singular,,,berita-berita,digelar,masa,Antipas,masa,berita-berita,berita,,rumor
ἀκοή,349,unigram,feminine,nominative,singular,tersebar,4.226222332440215,seluruh,kabar,tersebar,tersiar,tersebar,tersebarlah,tersebar,tersebar,rumor
βιβλίον,59,unigram,neuter,accusative,plural,,,,,,,,,dituliskan,buku-buku,"scroll, book"
βιβλίον,56,unigram,neuter,accusative,singular,cerai,1.7103086249443717,cerai,,cerai,cerai,cerai,cerai,cerai,cerai,"scroll, book"
διάκονος,234,unigram,masculine,nominative,plural,mencicipi,1.3095531842182973,,,mencicipi,mengecap,mencicipi,,,,"servant, minister, deacon"
διάκονος,98,unigram,masculine,nominative,singular,pelayanmu,2.968397208119261,pelayanmu,pelayanmu,pelayanmu,Siapa,pelayanmu,pelayanmu,melayani,pelayan,"servant, minister, deacon"
δοῦλος,227,unigram,masculine,accusative,plural,hamba-hambanya,11.848436958107337,hamba-hambanya,hambanya,pelayan-pelayannya,,pelayan-pelayannya,hamba-hambanya,hamba-hambanya,hamba-hambanya,"servant, slave"
δοῦλος,29,unigram,masculine,accusative,singular,hamba,17.83595229899926,hamba,hambanya,hamba,,hamba,hamba,hamba,budak,"servant, slave"
δοῦλος,112,unigram,masculine,nominative,plural,hamba-hamba,19.55383327784848,hamba-hamba,hamba,pelayan-pelayan,petani,pelayan-pelayan,hamba-hamba,hamba-hamba,hamba,"servant, slave"
δοῦλος,222,unigram,masculine,nominative,singular,hamba,14.656924551665242,hamba,hamba,tuannya,hamba,tuannya,hamba,hamba,tuannya,"servant, slave"
πρόβατον,343,unigram,neuter,accusative,plural,domba,27.756194314113433,domba-domba,domba,domba,domba,domba,domba-domba,domba,domba-domba,sheep
πρόβατον,157,unigram,neuter,accusative,singular,domba,5.585959073577268,,,,domba,,,domba,domba,sheep
ποιμήν,267,unigram,masculine,nominative,plural,gembala-gembala,16.563388340491336,gembala-gembala,gembala,gembala-gembala,gembala-gembala,gembala-gembala,gembala-gembala,gembala,gembala,"shepherd, pastor"
ποιμήν,305,unigram,masculine,nominative,singular,gembala,249.83013031591383,gembala,gembala,gembala,,gembala,gembala,gembala,gembala,"shepherd, pastor"
σημεῖον,153,unigram,neuter,accusative,plural,keajaiban-keajaiban,6.186538130336198,tanda-tanda,tanda,keajaiban-keajaiban,mukjizat-mukjizat,keajaiban-keajaiban,mukjizat,ajaib,keajaiban,sign
σημεῖον,139,unigram,neuter,accusative,singular,,,tanda,tanda,keajaiban,mukjizat,keajaiban,tanda,mukjizat,keajaiban,sign
σημεῖον,45,unigram,neuter,nominative,plural,bumi,1.6191530786249844,tanda-tanda,tanda,bumi,bumi,bumi,tanda-tanda,menakjubkan,,sign
σημεῖον,97,unigram,neuter,nominative,singular,tanda,7.735286133875723,tanda,tanda,zaman,tanda-tanda,zaman,tanda,tanda,keajaiban,sign
δραχμή,183,unigram,feminine,accusative,singular,menemukannya,3.013702618301833,menemukannya,uang,serta,,serta,menemukannya,menemukannya,menemukannya,"silver coin, drachma"
ἀργύριον,232,unigram,neuter,accusative,plural,uang,25.199526175925477,uang,perak,uang,uang,uang,uang,uang,uang,"silver, money"
ἀργύριον,352,unigram,neuter,accusative,singular,uang,250.95277343502485,uang,uang,uang,uang,uang,uang,uang,uang,"silver, money"
ἁμαρτία,300,unigram,feminine,accusative,plural,mengampuni,18.27808282950053,mengampuni,dosa,mengampuni,dosa,mengampuni,mengampuni,mengampuni,dosa,sin
ἁμαρτία,236,unigram,feminine,accusative,singular,dosa,9.637048268148142,Sekiranya,tiadalah,Sekiranya,dosa,Sekiranya,dosa,dosa,dosa,sin
ἁμαρτία,308,unigram,feminine,nominative,plural,diampuni,64.9666472680992,diampuni,dosamu,diampuni,diampunkan,diampuni,diampuni,diampuni,mengampuni,sin
ἁμαρτία,306,unigram,feminine,nominative,singular,penghinaan,1.1003564114096283,,,penghinaan,Seandainya,penghinaan,dosamu,,dosa,sin
ἀδελφή,330,unigram,feminine,accusative,plural,laki-laki,2.6013847386375932,laki-laki,laki-laki,perempuan,anak-anaknya,perempuan,laki-laki,laki-laki,saudara-saudarinya,sister
ἀδελφή,146,unigram,feminine,accusative,singular,Marta,4.661437854038062,,saudaranya,Marta,Marta,Marta,saudaranya,Marta,Marta,sister
ἀδελφή,22,unigram,feminine,nominative,plural,saudara-saudara,1.6272470279140103,,saudara-Nya,saudara-saudara,,saudara-saudara,saudara-saudara-Nya,saudara-saudaranya,perempuannya,sister
ἀδελφή,329,unigram,feminine,nominative,singular,saudara,2.5191526009012613,saudara,saudara,saudara,saudara-Ku,saudara,saudara,saudara,saudara,sister
πλοιάριον,251,unigram,neuter,nominative,plural,Tiberias,2.8517662098441443,Tiberias,Tiberias,Tiberias,,Tiberias,Tiberias,Tiberias,,small boat
πλοιάριον,152,unigram,neuter,nominative,singular,perahu,2.803932358507812,perahu,perahu,perahu,terdesak,perahu,perahu,perahu,perahu,small boat
ὀψάριον,197,unigram,neuter,accusative,plural,jelai,1.4469073678609963,jelai,jelai,sebanyak,,sebanyak,jelai,,,small fish
ὀψάριον,276,unigram,neuter,accusative,singular,ikan,4.2556193174693,ikan,ikan,ikan,ikan,ikan,ikan,ikan,ikan,small fish
υἱός,50,unigram,masculine,accusative,plural,Zebedeus,14.401267094370485,Zebedeus,Zabdi,Zebedeus,Zebedeus,Zebedeus,Zebedeus,Zebedeus,Zebedeus,son
υἱός,138,unigram,masculine,accusative,singular,Anak,54.02358914928541,Anak,Anak,Anak,Anak,Anak,Anak,Anak,Anak,son
υἱός,141,unigram,masculine,nominative,plural,anak-anak,95.61815091986116,anak-anak,anak-anak,anak-anak,,anak-anak,anak-anak,anak-anak,Pasti,son
υἱός,229,unigram,masculine,nominative,singular,Anak,469.8592725538424,Anak,Anak,Anak,Anak,Anak,Anak,Anak,Anak,son
ψυχή,303,unigram,feminine,accusative,singular,,,nyawanya,nyawa,hidupnya,nyawanya,hidupnya,nyawanya,hidupnya,menyelamatkan,"soul, life"
ἀστήρ,313,unigram,masculine,nominative,plural,,,berjatuhan,bintang,Bintang-bintang,,Bintang-bintang,berjatuhan,langit,,star
ἀστήρ,206,unigram,masculine,nominative,singular,bintang,1.314433824967768,bintang,bintang,,,,bintang,,,star
λίθος,317,unigram,masculine,accusative,plural,,,melempari,memungut,batu,memungut,batu,melempari,batu,melempari,stone
λίθος,39,unigram,masculine,accusative,singular,batu,175793.1694801181,batu,batu,batu,batu,batu,batu,batu,batu,stone
λίθος,151,unigram,masculine,nominative,plural,batu-batu,190.31724530795233,batu-batu,batu,batu-batu,batu-batu,batu-batu,batu-batu,batu-batu,batu-batu,stone
λίθος,43,unigram,masculine,nominative,singular,batu,43.58795809648113,batu,batu,batu,batu,batu,batu,batu,batu,stone
συναγωγή,265,unigram,feminine,accusative,plural,,,ibadat,sembahyang,rumah-rumah,ibadat,rumah-rumah,ibadat,sembahyang^,rumah-rumah,synagogue
συναγωγή,354,unigram,feminine,accusative,singular,ibadat,9.814926741457095,ibadat,sembahyang,ibadat,ibadat,ibadat,ibadat,sembahyang^,pertemuan,synagogue
τράπεζα,212,unigram,feminine,accusative,plural,penukar,3.422503522537285,uang,diterbalikkan-Nya,penukar,membalikkan,penukar,meja-meja,penukar,,table
τράπεζα,154,unigram,feminine,accusative,singular,menabung,1.1999591042841644,,,,,,,menabung,menabung,table
τάλαντον,75,unigram,neuter,accusative,plural,talenta,11.463019193421376,talenta,talenta,emas,talenta,emas,talenta,emas,kantong,talent (weight and monetary unit: around 20 years' wages)
τάλαντον,243,unigram,neuter,accusative,singular,talenta,16.97335535347886,talenta,talenta,uang,,uang,talenta,emas,,talent (weight and monetary unit: around 20 years' wages)
φόρος,290,unigram,masculine,accusative,plural,,,menuduh,,dapati,,dapati,menuduh,,,tax
τελώνης,205,unigram,masculine,nominative,plural,,,cukai,,pajak,pemungut,pajak,cukai,,penagih,tax collector
τελώνης,77,unigram,masculine,nominative,singular,pemungut,1.81371798654084,pemungut,,penagih,pemungut,penagih,pemungut,pemungut,penagih,tax collector
γραμματεύς,359,unigram,masculine,nominative,plural,,,Taurat,ahli,agama,agama,agama,Taurat,guru,Taurat,"teacher, expert in the law, scholar, scribe"
γραμματεύς,230,unigram,masculine,nominative,singular,ahli,3.2064108044890216,ahli,ahli,guru,agama,guru,ahli,guru,ahli,"teacher, expert in the law, scholar, scribe"
κλέπτης,88,unigram,masculine,nominative,plural,pencuri,14.584354138484361,pencuri,pencuri,pencuri,harta,pencuri,pencuri,pencuri,pencuri,thief
κλέπτης,242,unigram,masculine,nominative,singular,pencuri,734.019867014353,pencuri,pencuri,pencuri,pencuri,pencuri,pencuri,pencuri,pencuri,thief
διαλογισμός,314,unigram,masculine,accusative,plural,pikiran,2.5296135039392933,pikiran,pikiran,bertanya-tanya,tahu,bertanya-tanya,pikiran,,,"thought, argument"
διαλογισμός,159,unigram,masculine,accusative,singular,samping-Nya,5.3216084390730325,samping-Nya,sisi-Nya,samping-Nya,samping-Nya,samping-Nya,samping-Nya,samping-Nya,samping-Nya,"thought, argument"
διαλογισμός,131,unigram,masculine,nominative,plural,hati,1.177525824969735,hati,hati,timbul,,timbul,hati,,,"thought, argument"
θρόνος,256,unigram,masculine,accusative,singular,moyang-Nya,1.5712700804422657,,,moyang-Nya,,moyang-Nya,,,,throne
χρόνος,287,unigram,masculine,accusative,plural,menyewakannya,1.8484484190504626,menyewakannya,disewakannya,penggarap,menyewakannya,penggarap,menyewakannya,menyewakan,anggurnya,time
χρόνος,248,unigram,masculine,accusative,singular,Timur,1.1619244929974852,majus,,Timur,bintang,Timur,teliti,,peramal,time
καιρός,81,unigram,masculine,nominative,plural,tawanan,1.3268701624770167,,tawanan,,,,,,tawanan,"time, right time"
καιρός,156,unigram,masculine,nominative,singular,,,tiba,Waktunya,waktunya,saat-Ku,waktunya,tiba,tiba,waktunya,"time, right time"
τάφος,143,unigram,masculine,accusative,plural,,,,nisan,,,,,menghias,,"tomb, grave"
τάφος,189,unigram,masculine,accusative,singular,kubur,11.118599703632713,kubur,kubur,kuburan,kubur,kuburan,kubur,kubur,tentara,"tomb, grave"
μνημεῖον,15,unigram,neuter,accusative,plural,membangun,1.1221104456303876,,memperbuat,membangun,tugu-tugu,membangun,makam,membangun,,"tomb, grave"
μνημεῖον,19,unigram,neuter,accusative,singular,kubur,2082.2052506418954,kubur,kubur,kuburan,kubur,kuburan,kubur,kubur,kuburan,"tomb, grave"
μνημεῖον,84,unigram,neuter,nominative,plural,,,kuburan-kuburan,,,,,Kuburan-kuburan,,,"tomb, grave"
μνημεῖον,280,unigram,neuter,nominative,singular,kubur,5.947847831108618,kubur,kubur,kuburan,kubur,kuburan,kubur,kubur,kuburan,"tomb, grave"
θησαυρός,108,unigram,masculine,accusative,plural,harta,4.885359471296364,harta,,harta,harta,harta,harta,karat,,treasure
θησαυρός,237,unigram,masculine,accusative,singular,harta,1.6974806206838886,harta,harta,milikmu,kaumiliki,milikmu,harta,harta,uangnya,treasure
δένδρον,96,unigram,neuter,accusative,plural,pohon,7.67005040832034,,pohon,pohon,pohon,pohon,pohon-pohon,pohon,pohon-pohon,tree	
δένδρον,82,unigram,neuter,accusative,singular,pohon,10.85786818371306,pohon,pohon,pohon,,pohon,pohon,pohon,pohon,tree	
κώμη,286,unigram,feminine,accusative,plural,desa-desa,5.526991523721134,,kampung-kampung,desa-desa,kampung-kampung,desa-desa,desa-desa,sekitar,desa-desa,village
κώμη,58,unigram,feminine,accusative,singular,kampung,18.46432918313645,kampung,kampung,kampung,kampung,kampung,desa,desa,desa,village
παρθένος,299,unigram,feminine,nominative,plural,bukakan,1.221994486710601,,dara,bukakan,bukakanlah,bukakan,,lampu-lampunya,,virgin
παρθένος,220,unigram,feminine,nominative,singular,,,,Immanuel,,Imanuel,,,,,virgin
φωνή,340,unigram,feminine,nominative,singular,suara,112.90715494901976,suara,suara,terdengar,suara,terdengar,suara,suara,suara,voice or sound
πόλεμος,278,unigram,masculine,accusative,plural,,,kesudahannya,peperangan,peperangan,,peperangan,kesudahannya,kesudahannya,akhir,war
ὕδωρ,361,unigram,neuter,accusative,plural,air,219.0123941661092,air,air,air,air,air,air,air,air,water
ὕδωρ,102,unigram,neuter,accusative,singular,air,85621.5355330021,air,air,air,air,air,air,air,air,water
ὕδωρ,122,unigram,neuter,nominative,singular,air,18.206763577591648,air,air,air,air,air,air,air,air,water
ὑδρία,128,unigram,feminine,accusative,singular,tempayannya,6.230871330001381,tempayannya,buyungnya,tempayannya,,tempayannya,tempayannya,airnya,airnya,water jar
ὁδός,279,unigram,feminine,accusative,plural,jalan-jalan,3.409303437714644,jalan,jalan-jalan,jalan-jalan,jalan,jalan-jalan,jalan,jalan-jalan,raya,way
ὁδός,158,unigram,feminine,accusative,singular,jalan,10185.0526216186,jalan,jalan,jalan,jalan,jalan,jalan,jalan,jalan,way
γάμος,177,unigram,masculine,accusative,plural,pesta,7.883343023384761,perjamuan,kawin,pesta,sedia,pesta,perjamuan,pesta,pesta,wedding
γάμος,260,unigram,masculine,accusative,singular,diundang,4.603933937445536,perkawinan,dijemput,diundang,diundang,diundang,perkawinan,diundang,kami—,wedding
γυνή,121,unigram,feminine,accusative,plural,istrimu,1.2008958062658324,,binimu,istrimu,berhati,istrimu,,,,"wife, woman"
γυνή,194,unigram,feminine,accusative,singular,istrinya,2.933727689434696,isterinya,bininya,kawin,istrinya,kawin,istrinya,istrinya,istrinya,"wife, woman"
γυνή,132,unigram,feminine,nominative,plural,wanita,1.8971929250763135,perempuan-perempuan,perempuan,wanita,wanita,wanita,perempuan-perempuan,perempuan,beberapa,"wife, woman"
γυνή,137,unigram,feminine,nominative,singular,perempuan,2168.623237205048,perempuan,perempuan,wanita,wanita,wanita,perempuan,perempuan,perempuan,"wife, woman"
ἄνεμος,10,unigram,masculine,nominative,plural,angin,10.281174436857674,angin,angin,angin,angin,angin,angin,,kencang,wind
ἄνεμος,72,unigram,masculine,nominative,singular,angin,447.3262412993834,angin,angin,angin,angin,angin,angin,angin,angin,wind
πνεῦμα,327,unigram,neuter,accusative,plural,,,berdiam,dimasukinya,roh,Dengan,roh,berdiam,daripadanya,jahat,"wind, breath, spirit"
πνεῦμα,182,unigram,neuter,accusative,singular,Roh,84.59227346870799,Roh,,Roh,Roh,Roh,Roh,Roh,Roh,"wind, breath, spirit"
πνεῦμα,12,unigram,neuter,nominative,plural,roh-roh,21.978894396016198,roh-roh,setan,jahat,,jahat,roh-roh,roh-roh,roh-roh,"wind, breath, spirit"
πνεῦμα,25,unigram,neuter,nominative,singular,Roh,2136.6141387757775,Roh,Roh,Roh,Roh,Roh,Roh,Roh,Roh,"wind, breath, spirit"
κοιλία,95,unigram,feminine,nominative,plural,,,,,,beruntung,,,rahimnya,Berbahagialah,"womb, stomach, source of feelings and emotions"
κοιλία,298,unigram,feminine,nominative,singular,,,,,,,,,menyusui,Ibumu,"womb, stomach, source of feelings and emotions"
ῥῆμα,203,unigram,neuter,accusative,plural,,,firman,perkataan,Perkataan,Kuucapkan,Perkataan,firman,berasal,menyimpan,word
ῥῆμα,179,unigram,neuter,accusative,singular,mengerti,5.790736102488292,mengerti,perkataan,mengerti,mengerti,mengerti,segan,menanyakannya,mengerti,word
ῥῆμα,32,unigram,neuter,nominative,plural,perkataan,2.295398704890189,,perkataan,,,,,,,word
ῥῆμα,347,unigram,neuter,nominative,singular,disangsikan,1.2498760109296092,disangsikan,firman,,,,disangsikan,,,word
λόγος,180,unigram,masculine,accusative,plural,perkataan-Ku,5.086775015630557,perkataan-Ku,perkataan-Ku,selesai,,selesai,perkataan-Ku,ajaran-Ku,ajaran-Ku,word
λόγος,172,unigram,masculine,accusative,singular,firman,13.465932688425152,firman,Perkataan,kabar,firman,kabar,firman,ajaran,mendengarkan,word
λόγος,168,unigram,masculine,nominative,plural,perkataan-Ku,2.3928031652078587,perkataan-Ku,perkataan-Ku,Langit,,Langit,perkataan-Ku,binasa,Hal-hal,word
λόγος,316,unigram,masculine,nominative,singular,,,firman,perkataan,kabar,Ini,kabar,firman,Firman,Ajaran,word
ἔργον,47,unigram,neuter,accusative,plural,melakukan,2.4464381766083343,pekerjaan,perbuatan,melakukan,mukjizat-mukjizat,melakukan,pekerjaan-pekerjaan,melakukan,lakukan,work
ἔργον,104,unigram,neuter,accusative,singular,melakukan,2.6932422781834298,perbuatan,membuat,pekerjaan,melakukan,pekerjaan,perbuatan,melakukan,melakukan,work
ἔργον,320,unigram,neuter,nominative,plural,terang,1.173556939662005,,perbuatannya,terang,Terang,terang,,Terang,terang,work
ἐργάτης,162,unigram,masculine,nominative,plural,,,,tuaiannya,sedikit,Tuaian,sedikit,,Tuaian,dipanen,worker
ἐργάτης,231,unigram,masculine,nominative,singular,pekerja,2.7330759509809384,pekerja,5:18,bekerja,pekerja,bekerja,pekerja,patut,pekerja,worker
μέριμνα,184,unigram,feminine,nominative,plural,daya,1.1999087542240303,daya,,,,,daya,,bermacam,"worry, concern, desire"
μέριμνα,160,unigram,feminine,nominative,singular,,,daya,,terhimpit,ketamakan,terhimpit,daya,cinta,Pikiran,"worry, concern, desire"
ἔτος,275,unigram,neuter,accusative,plural,tahun,656.4587465868108,tahun,tahun,tahun,tahun,tahun,tahun,tahun,tahun,year
ἔτος,195,unigram,neuter,accusative,singular,tahun,6.786581648091891,tahun,,,memupuknya,,tahun,tahun,tahun,year
