lemma,extract_reference_id,tokenisation_method_id,gender,noun_case,noun_number,most_common_translation,cumulative_confidence,version_1394_translation,english_translation
θεός,106,unigram,masculine,accusative,singular,Dios,1.1271740870128382,Dios,God
θεός,23,unigram,masculine,nominative,plural,andiosmej,1.0972909390725487,andiosmej,God
θεός,172,unigram,masculine,nominative,singular,Dios,5.963754946210741,Dios,God
κύριος,107,unigram,masculine,nominative,singular,Señor,2.4249226230150183,Señor,"Lord, lord, master"
γραφή,102,unigram,feminine,accusative,plural,tiotlajkuilole,2.5465500551859503,tiotlajkuilole,Scripture
γραφή,43,unigram,feminine,accusative,singular,kijta,1.0172950236410063,kijta,Scripture
γραφή,222,unigram,feminine,nominative,plural,tiotlajkuilole,1.0373357842148616,tiotlajkuilole,Scripture
γραφή,275,unigram,feminine,nominative,singular,tiotlajkuilole,1.2296805301511962,tiotlajkuilole,Scripture
ἄγγελος,77,unigram,masculine,accusative,plural,noangelwan,1.487121085476225,noangelwan,angel
ἄγγελος,39,unigram,masculine,nominative,plural,angelestin,3.568749048312018,angelestin,angel
ἄγγελος,87,unigram,masculine,nominative,singular,ángel,2.5555332686518235,ángel,angel
ἀπόστολος,36,unigram,masculine,nominative,plural,tlatitlaniltin,1.282389679246687,tlatitlaniltin,apostle
ἐξουσία,58,unigram,feminine,accusative,plural,juestin,1.0962498059215229,juestin,authority
ἐξουσία,162,unigram,feminine,accusative,singular,poder,1.2286763526286193,poder,authority
βρέφος,274,unigram,neuter,accusative,singular,kajon,1.0811206535908369,kajon,babies
ἀποθήκη,57,unigram,feminine,accusative,singular,trigo,1.2398794986393211,trigo,barn
ἀρχή,60,unigram,feminine,accusative,plural,juestin,1.0961358565100614,juestin,beginning
ἀρχή,147,unigram,feminine,accusative,singular,okiteititij,1.066304709613527,okiteititij,beginning
ζώνη,138,unigram,feminine,accusative,plural,xikitkikan,1.4565653258781617,xikitkikan,belt
ζώνη,185,unigram,feminine,accusative,singular,Okinkuaya,1.0960817954296525,Okinkuaya,belt
βλασφημία,27,unigram,feminine,accusative,plural,tetlapojpolwis,1.106324822855618,tetlapojpolwis,blasphemy
πλοῖον,85,unigram,neuter,accusative,plural,inbarkojwan,1.9576305001791328,inbarkojwan,boat
πλοῖον,261,unigram,neuter,accusative,singular,barko,2.260095695129086,barko,boat
πλοῖον,200,unigram,neuter,nominative,plural,barkojtin,1.044211817167335,barkojtin,boat
πλοῖον,187,unigram,neuter,nominative,singular,barko,1.7232743046553418,barko,boat
σῶμα,176,unigram,neuter,nominative,plural,mikkamej,1.375159185304541,mikkamej,body
κλῆμα,118,unigram,neuter,nominative,singular,imayo,1.0595545022300916,imayo,branch
ἄρτος,266,unigram,masculine,accusative,plural,pan,3.8986313627465936,pan,bread
ἄρτος,287,unigram,masculine,accusative,singular,pan,2.741749574155932,pan,bread
ἄρτος,125,unigram,masculine,nominative,plural,pan,2.7349357909444163,pan,bread
ἄρτος,31,unigram,masculine,nominative,singular,pan,1.0383606853398364,pan,bread
ἀδελφός,252,unigram,masculine,accusative,plural,ikniwan,1.6787750928392444,ikniwan,brother
ἀδελφός,97,unigram,masculine,accusative,singular,iknimej,1.1988200424968394,iknimej,brother
ἀδελφός,89,unigram,masculine,nominative,plural,ikniwan,1.3522498909749092,ikniwan,brother
ἀδελφός,193,unigram,masculine,nominative,singular,ikni,1.7176843524937384,ikni,brother
στῆθος,240,unigram,neuter,accusative,singular,ielpan,1.2313256588542485,ielpan,"chest, breast"
ἀρχιερεύς,203,unigram,masculine,accusative,plural,tlayekankej,1.1609993055019672,tlayekankej,chief priest
ἀρχιερεύς,51,unigram,masculine,accusative,singular,tiopixke,1.3676812697631886,tiopixke,chief priest
ἀρχιερεύς,96,unigram,masculine,nominative,plural,tiopixkej,1.072388310897261,tiopixkej,chief priest
ἀρχιερεύς,208,unigram,masculine,nominative,singular,tiopixke,3.2750536612277323,tiopixke,chief priest
παῖς,41,unigram,masculine,accusative,singular,yomijkuanijtiaya,1.0961506491767987,yomijkuanijtiaya,child
τέκνον,281,unigram,neuter,accusative,plural,ipilwan,1.8058746629761824,ipilwan,child
τέκνον,144,unigram,neuter,accusative,singular,ikni,1.083194856241815,ikni,child
τέκνον,157,unigram,neuter,nominative,singular,Nokone,1.2096095168468204,Nokone,child
παιδίον,13,unigram,neuter,accusative,plural,pilalaktin,1.2240580713387257,pilalaktin,child
παιδίον,73,unigram,neuter,accusative,singular,konetl,1.1139115218765572,konetl,child
παιδίον,136,unigram,neuter,nominative,plural,pilalaktin,1.6003325987189312,pilalaktin,child
παιδίον,33,unigram,neuter,nominative,singular,chokotzin,2.5591120638669724,chokotzin,child
πόλις,148,unigram,feminine,accusative,plural,pueblojtin,2.170735532321438,pueblojtin,city
πόλις,53,unigram,feminine,accusative,singular,pueblo,1.2156519976076017,pueblo,city
πύλη,170,unigram,feminine,nominative,singular,tewikaj,1.0595545022300916,tewikaj,city gate
χιτών,93,unigram,masculine,accusative,plural,xikitkikan,1.092264865888274,xikitkikan,"clothing, undergarments"
χιτών,24,unigram,masculine,accusative,singular,mokoton,1.9577047508315024,mokoton,"clothing, undergarments"
ἱμάτιον,104,unigram,neuter,accusative,plural,intlakenwan,1.1239352947531631,intlakenwan,coat
ἱμάτιον,103,unigram,neuter,accusative,singular,itzotzol,1.2266901187683508,itzotzol,coat
ἐντολή,68,unigram,feminine,accusative,singular,otechnawatij,1.0806655276147041,otechnawatij,commandment
συνέδριον,270,unigram,neuter,accusative,plural,omechtemaktiliskej,1.2026759884062366,omechtemaktiliskej,council
συνέδριον,45,unigram,neuter,accusative,singular,omololojkej,1.3289316770697803,omololojkej,council
χώρα,244,unigram,feminine,accusative,singular,oksé,1.0204094629343,oksé,"country, countryside"
ὄχλος,48,unigram,masculine,accusative,plural,tlakaj,1.51716277730214,tlakaj,crowd
ὄχλος,7,unigram,masculine,accusative,singular,tlakaj,3.1015072632263583,tlakaj,crowd
ὄχλος,79,unigram,masculine,nominative,plural,tlakaj,2.9770462379633025,tlakaj,crowd
ὄχλος,235,unigram,masculine,nominative,singular,tlakaj,1.5152078037500178,tlakaj,crowd
θυγάτηρ,265,unigram,feminine,nominative,singular,ichpoch,1.508976285538596,ichpoch,daughter
ἡμέρα,63,unigram,feminine,accusative,plural,tonale,2.4086454268778,tonale,day
ἡμέρα,70,unigram,feminine,accusative,singular,tonale,1.0978517656911275,tonale,day
ἡμέρα,2,unigram,feminine,nominative,plural,tonaltin,1.1038019731220878,tonaltin,day
ἡμέρα,55,unigram,feminine,nominative,singular,tonale,1.0783082530870838,tonale,day
δαιμόνιον,25,unigram,neuter,accusative,plural,ejekamej,1.134993725370547,ejekamej,demon
δαιμόνιον,277,unigram,neuter,accusative,singular,demonio,1.664751345615637,demonio,demon
δαιμόνιον,158,unigram,neuter,nominative,plural,ejekamej,1.1449224567481362,ejekamej,demon
δαιμόνιον,135,unigram,neuter,nominative,singular,ejekatl,1.0357968944826927,ejekatl,demon
δηνάριον,256,unigram,neuter,accusative,plural,tomin,1.065605116448584,tomin,denarius (about a day's wages)
δηνάριον,127,unigram,neuter,accusative,singular,tomin,1.156631224580355,tomin,denarius (about a day's wages)
μαθητής,141,unigram,masculine,accusative,plural,imomachtijkawan,6.066114962958075,imomachtijkawan,disciple
μαθητής,282,unigram,masculine,accusative,singular,okitlasojtlaya,1.7609054582396144,okitlasojtlaya,disciple
μαθητής,229,unigram,masculine,nominative,plural,imomachtijkawan,3.588634425633812,imomachtijkawan,disciple
μαθητής,280,unigram,masculine,nominative,singular,momachtij,2.6347341328671283,momachtij,disciple
νόσος,62,unigram,feminine,accusative,singular,kualolistle,1.2148996761176492,kualolistle,disease
περιστερά,78,unigram,feminine,accusative,plural,palomasnamakakej,1.4349672147101826,palomasnamakakej,dove
περιστερά,46,unigram,feminine,accusative,singular,paloma,1.1635399233774926,paloma,dove
οὖς,117,unigram,neuter,accusative,plural,xikkakikan,1.3833459394944618,xikkakikan,ear
οὖς,234,unigram,neuter,accusative,singular,ichtaka,1.3861502021699237,ichtaka,ear
σεισμός,163,unigram,masculine,nominative,plural,apistle,1.376307677757178,apistle,"earthquakes, storm"
τέλος,227,unigram,neuter,accusative,singular,kimakixtis,1.0380885592766085,kimakixtis,end
αἰών,197,unigram,masculine,accusative,plural,itekiwajkayo,1.0812399990996056,itekiwajkayo,eternity
αἰών,253,unigram,masculine,accusative,singular,keman,1.4995995079717601,keman,eternity
ὀφθαλμός,17,unigram,masculine,accusative,plural,tlachia,1.1515239575071263,tlachia,eye
πρόσωπον,154,unigram,neuter,accusative,singular,titlamachtia,1.0648994149682172,titlamachtia,face
λιμός,5,unigram,feminine,nominative,plural,apistle,1.1063128009036491,apistle,famine
γεωργός,209,unigram,masculine,nominative,plural,tekipanojkej,1.4224739272127984,tekipanojkej,"farmer, tenant"
γεωργός,42,unigram,masculine,nominative,singular,niuvaskuawitl,1.0595900226860568,niuvaskuawitl,"farmer, tenant"
πατήρ,255,unigram,masculine,accusative,singular,noPapan,3.1995009530633185,noPapan,father
πατήρ,264,unigram,masculine,nominative,plural,wejkawitl,1.5531543168618518,wejkawitl,father
πατήρ,149,unigram,masculine,nominative,singular,noPapan,2.461946785161896,noPapan,father
σύνδουλος,90,unigram,masculine,nominative,singular,ikompañero,1.0960965115985384,ikompañero,"fellow-servant, colleague"
ἀγρός,276,unigram,masculine,accusative,plural,rancherías,1.0569902196791443,rancherías,field
ἀγρός,32,unigram,masculine,accusative,singular,Xoktzinchij,1.0766841767509188,Xoktzinchij,field
δάκτυλος,140,unigram,masculine,accusative,singular,Tomás,1.6525790147294772,Tomás,finger
ἰχθύς,120,unigram,masculine,accusative,plural,michimej,1.0849060001165056,michimej,fish
ἰχθύς,153,unigram,masculine,accusative,singular,michin,1.3964275101994128,michin,fish
δίκτυον,86,unigram,neuter,accusative,plural,inmichmatlawan,2.389781218473308,inmichmatlawan,fishing net
δίκτυον,161,unigram,neuter,accusative,singular,michmatlatl,1.2999556770453,michmatlatl,fishing net
πούς,194,unigram,masculine,accusative,plural,ikxiwan,1.0924968495378042,ikxiwan,foot
καρπός,146,unigram,masculine,accusative,plural,itlakilo,1.2818939198028505,itlakilo,"fruit, crop, harvest"
καρπός,190,unigram,masculine,accusative,singular,itlakilo,1.2302631224757627,itlakilo,"fruit, crop, harvest"
γενεά,225,unigram,feminine,accusative,plural,kinmiknomatis,1.0441739121262232,kinmiknomatis,generation
γενεά,191,unigram,feminine,accusative,singular,katej,1.0638488869812364,katej,generation
γενεά,262,unigram,feminine,nominative,plural,desde,1.267506907676452,desde,generation
δῶρον,254,unigram,neuter,accusative,plural,intomin,1.7541367785304045,intomin,gift
δῶρον,128,unigram,neuter,accusative,singular,moofrenda,1.0875477705710088,moofrenda,gift
ἡγεμών,134,unigram,masculine,accusative,plural,gobernadortin,1.2102507009882766,gobernadortin,"governor, ruler"
ἡγεμών,10,unigram,masculine,accusative,singular,otlajtlachixke,1.1134037632027682,otlajtlachixke,"governor, ruler"
ἀσπασμός,267,unigram,masculine,accusative,plural,tiankistle,1.1995421433014029,tiankistle,greeting
ὁδηγός,4,unigram,masculine,nominative,plural,Xikinkawakan,1.0960866985123228,Xikinkawakan,guide
ὁδηγός,3,unigram,masculine,nominative,singular,antlayekankej,1.292402975713182,antlayekankej,guide
θρίξ,74,unigram,feminine,nominative,plural,keski,1.0260187832187002,keski,hair
χείρ,258,unigram,feminine,accusative,plural,imawan,1.9054591381707768,imawan,hand
χείρ,179,unigram,feminine,accusative,singular,ima,1.9753539084427612,ima,hand
κεφαλή,111,unigram,feminine,accusative,plural,okoliniayaj,1.0648494792904102,okoliniayaj,head
κεφαλή,168,unigram,feminine,accusative,singular,itzontekon,1.3177051021370272,itzontekon,head
στάχυς,169,unigram,masculine,accusative,plural,onejnentiaya,1.0938736335939256,onejnentiaya,head of grain
καρδία,237,unigram,feminine,accusative,singular,iyolo,1.2851532452100276,iyolo,heart
καρδία,155,unigram,feminine,nominative,singular,inyolo,1.0006475073182508,inyolo,heart
οὐρανός,221,unigram,masculine,accusative,singular,ilwikak,2.7209247385064,ilwikak,"heaven, sky"
οὐρανός,159,unigram,masculine,nominative,singular,ilwikak,1.4598642890535345,ilwikak,"heaven, sky"
ὥρα,243,unigram,feminine,nominative,plural,motepotlamis,1.0963549421059624,motepotlamis,hour
ὥρα,20,unigram,feminine,nominative,singular,ora,1.684228469593096,ora,hour
οἰκία,271,unigram,feminine,accusative,singular,kalijtik,1.327922178093104,kalijtik,house
οἶκος,16,unigram,masculine,accusative,singular,ichan,2.7072256709103604,ichan,"house, home"
κριτής,130,unigram,masculine,nominative,singular,jues,1.9356722481092583,jues,judge
κλείς,124,unigram,feminine,accusative,singular,techmachtia,1.0960817954296525,techmachtia,key
βασιλεύς,84,unigram,masculine,accusative,plural,gobernadortin,1.0596780074351044,gobernadortin,king
βασιλεύς,49,unigram,masculine,accusative,singular,Rey,1.540716248806331,Rey,king
βασιλεία,126,unigram,feminine,accusative,singular,tlanawatia,2.096710582116248,tlanawatia,kingdom
λύχνος,188,unigram,masculine,nominative,singular,tlanextle,2.202613849562877,tlanextle,lamp
κλῆρος,1,unigram,masculine,accusative,singular,omotlaankej,1.3260128343261477,omotlaankej,"lots (casting of lots), inheritance"
ἄνθρωπος,246,unigram,masculine,accusative,plural,tlakaj,1.2712680232463514,tlakaj,man
ἄνθρωπος,211,unigram,masculine,accusative,singular,tlakatl,2.363522431749581,tlakatl,man
ἄνθρωπος,139,unigram,masculine,nominative,singular,tlakatl,3.3523493888290625,tlakatl,man
ἀνήρ,205,unigram,masculine,accusative,singular,mookich,1.0744042739568191,mookich,"man, husband"
ἀνήρ,115,unigram,masculine,nominative,plural,tlakaj,1.1832430545842232,tlakaj,"man, husband"
ἀνήρ,195,unigram,masculine,nominative,singular,tlakatl,1.2040149386928496,tlakatl,"man, husband"
μνᾶ,248,unigram,feminine,accusative,plural,“,1.209795234672059,“,mina (about 100 days' wages)
μνᾶ,11,unigram,feminine,accusative,singular,onikmakak,1.0960965115985384,onikmakak,mina (about 100 days' wages)
πρωτοκαθεδρία,82,unigram,feminine,accusative,plural,motlaliskej,1.071008917040871,motlaliskej,"most important seat, seat of honour"
μήτηρ,230,unigram,feminine,accusative,singular,imaman,2.124163337674541,imaman,mother
ὄρος,219,unigram,neuter,accusative,singular,tepetl,1.223568138744979,tepetl,mountain
ὄνομα,28,unigram,neuter,accusative,singular,amechkokoliskej,1.462670430436129,amechkokoliskej,name
ὄνομα,206,unigram,neuter,nominative,singular,itoka,2.649835620324307,itoka,name
ἔθνος,186,unigram,neuter,accusative,plural,paismej,1.189043800945646,paismej,nation
ἔθνος,156,unigram,neuter,accusative,singular,momagas,1.392452487934567,momagas,nation
ἔθνος,250,unigram,neuter,nominative,plural,amechpoloa,1.1105252296744228,amechpoloa,nation
ἔθνος,21,unigram,neuter,nominative,singular,momagas,1.371337585470273,momagas,nation
νύξ,151,unigram,feminine,accusative,plural,yuale,1.838540196364108,yuale,night
νύξ,201,unigram,feminine,accusative,singular,yuale,1.8874625155167344,yuale,night
ὅρκος,50,unigram,masculine,accusative,plural,tonses,1.2898721780972136,tonses,oath
ὅρκος,218,unigram,masculine,accusative,singular,toweyitaj,1.488326356960524,toweyitaj,oath
βοῦς,119,unigram,masculine,accusative,plural,tominpatlakej,1.7893771192622128,tominpatlakej,ox
παραβολή,214,unigram,feminine,accusative,plural,ejemplos,1.5561697350990018,ejemplos,parable
παραβολή,180,unigram,feminine,accusative,singular,ejemplo,6.0731958100497225,ejemplo,parable
μέρος,286,unigram,neuter,accusative,plural,región,1.2003742465653564,región,part
μέρος,44,unigram,neuter,accusative,singular,pedaso,1.2484172170051528,pedaso,part
τόπος,226,unigram,masculine,accusative,plural,apistle,1.3760168352559379,apistle,place
τόπος,245,unigram,masculine,accusative,singular,lugar,1.3408863131123483,lugar,place
πρωτοκλισία,228,unigram,feminine,accusative,plural,motlaliskej,1.3765847953753592,motlaliskej,place of honor
πρωτοκλισία,29,unigram,feminine,accusative,singular,lugar,1.27834103514247,lugar,place of honor
ὄφις,81,unigram,masculine,accusative,singular,koatl,1.886833303598956,koatl,poison
σκεῦος,210,unigram,neuter,accusative,singular,tlanamaktle,1.2126256018072978,tlanamaktle,"possession, object, thing, jar, vessel"
σκεῦος,100,unigram,neuter,nominative,plural,kikixtiti,1.0960965115985384,kikixtiti,"possession, object, thing, jar, vessel"
δύναμις,83,unigram,feminine,accusative,plural,milagrostin,1.4403874114548314,milagrostin,"power, ability, miracle"
δύναμις,38,unigram,feminine,accusative,singular,poder,1.1349337745215622,poder,"power, ability, miracle"
δύναμις,69,unigram,feminine,nominative,plural,milagrostin,1.929061806314765,milagrostin,"power, ability, miracle"
δύναμις,91,unigram,feminine,nominative,singular,okinpajtiaya,1.40236631840641,okinpajtiaya,"power, ability, miracle"
ἱερεύς,198,unigram,masculine,nominative,singular,tiopixke,1.2583391237212829,tiopixke,priest
φυλακή,19,unigram,feminine,accusative,singular,telpiloyan,1.900546775789004,telpiloyan,prison
προφήτης,52,unigram,masculine,accusative,plural,profetajtin,4.431798392129092,profetajtin,prophet
προφήτης,160,unigram,masculine,accusative,singular,profeta,3.180806039606402,profeta,prophet
προφήτης,181,unigram,masculine,nominative,plural,profetajtin,4.719214377646104,profetajtin,prophet
προφήτης,220,unigram,masculine,nominative,singular,profeta,2.6457158126663147,profeta,prophet
λῃστής,285,unigram,masculine,accusative,singular,niichtekke,1.1422016563167074,niichtekke,robber
λῃστής,268,unigram,masculine,nominative,plural,ichtekej,1.637910755515334,ichtekej,robber
λῃστής,122,unigram,masculine,nominative,singular,ichtekke,1.6154546058598305,ichtekke,robber
ἄρχων,166,unigram,masculine,accusative,plural,okinmololoj,1.3097580889970757,okinmololoj,ruler
ἄρχων,54,unigram,masculine,nominative,plural,tekiwajkej,1.3077358575413618,tekiwajkej,ruler
ἄρχων,263,unigram,masculine,nominative,singular,tlayekanke,1.0774432948445485,tlayekanke,ruler
ἀκοή,6,unigram,feminine,accusative,plural,motlapowiskej,1.1593550208068102,motlapowiskej,rumor
ἀκοή,64,unigram,feminine,accusative,singular,tetrarca,1.4109933288690708,tetrarca,rumor
διάκονος,72,unigram,masculine,nominative,singular,weyikistos,1.0952734662113333,weyikistos,"servant, minister, deacon"
δοῦλος,171,unigram,masculine,accusative,plural,itekipanojkawan,3.3046164349440352,itekipanojkawan,"servant, slave"
δοῦλος,22,unigram,masculine,accusative,singular,itekipanoj,3.03071242012188,itekipanoj,"servant, slave"
δοῦλος,80,unigram,masculine,nominative,plural,tekipanojkej,1.2592747803670747,tekipanojkej,"servant, slave"
δοῦλος,167,unigram,masculine,nominative,singular,tekipanoj,1.2309549422662036,tekipanoj,"servant, slave"
πρόβατον,272,unigram,neuter,accusative,plural,ichkamej,1.7567369347887205,ichkamej,sheep
ποιμήν,204,unigram,masculine,nominative,plural,tlajpixkej,1.5091357668925929,tlajpixkej,"shepherd, pastor"
ποιμήν,238,unigram,masculine,nominative,singular,tlajpixke,1.131608067207924,tlajpixke,"shepherd, pastor"
σημεῖον,110,unigram,neuter,accusative,plural,milagrostin,1.572373922154991,milagrostin,sign
σημεῖον,99,unigram,neuter,accusative,singular,milagro,6.012566429154546,milagro,sign
σημεῖον,35,unigram,neuter,nominative,plural,señalestin,2.9998352586092283,señalestin,sign
σημεῖον,71,unigram,neuter,nominative,singular,milagro,1.0332934751346377,milagro,sign
δραχμή,133,unigram,feminine,accusative,singular,kajsi,1.807800110327852,kajsi,"silver coin, drachma"
ἀργύριον,175,unigram,neuter,accusative,plural,tomin,1.734127490232099,tomin,"silver, money"
ἀργύριον,278,unigram,neuter,accusative,singular,tomin,1.939496762171695,tomin,"silver, money"
ἁμαρτία,233,unigram,feminine,accusative,plural,¿Tlanik,1.0011936227066605,¿Tlanik,sin
ἁμαρτία,177,unigram,feminine,accusative,singular,tlajtlakole,1.6908353378886394,tlajtlakole,sin
ἁμαρτία,242,unigram,feminine,nominative,plural,motlajtlakol,1.8156944965456647,motlajtlakol,sin
ἁμαρτία,239,unigram,feminine,nominative,singular,tlajtlakole,1.2214240914326997,tlajtlakole,sin
ἀδελφή,260,unigram,feminine,accusative,plural,inmaman,1.2214641725453117,inmaman,sister
ἀδελφή,105,unigram,feminine,accusative,singular,Marta,1.3445731812767316,Marta,sister
ἀδελφή,15,unigram,feminine,nominative,plural,chantij,1.0977843897309687,chantij,sister
ἀδελφή,259,unigram,feminine,nominative,singular,nokni,1.6152277374046529,nokni,sister
πλοιάριον,192,unigram,neuter,nominative,plural,tlasojkamachilistle,1.0960965115985384,tlasojkamachilistle,small boat
πλοιάριον,109,unigram,neuter,nominative,singular,barko,1.1246557885388124,barko,small boat
ὀψάριον,145,unigram,neuter,accusative,plural,chokkoj,1.096091603901298,chokkoj,small fish
ὀψάριον,213,unigram,neuter,accusative,singular,michin,1.4910230446263049,michin,small fish
υἱός,40,unigram,masculine,accusative,plural,Zebedeo,1.1710387210724909,Zebedeo,son
υἱός,101,unigram,masculine,nominative,plural,anyeskej,1.03591876775725,anyeskej,son
ψυχή,236,unigram,feminine,accusative,singular,inemilis,1.5025872800153504,inemilis,"soul, life"
λίθος,30,unigram,masculine,accusative,singular,tetl,5.118864795361686,tetl,stone
λίθος,108,unigram,masculine,nominative,plural,temej,2.491947878592613,temej,stone
λίθος,34,unigram,masculine,nominative,singular,tetl,1.5017853563456305,tetl,stone
συναγωγή,202,unigram,feminine,accusative,plural,tiopanmej,2.0182843456293917,tiopanmej,synagogue
συναγωγή,279,unigram,feminine,accusative,singular,tiopan,1.0784693339907774,tiopan,synagogue
τάλαντον,59,unigram,neuter,accusative,plural,pesos,1.2052799791528623,pesos,talent (weight and monetary unit: around 20 years' wages)
τάλαντον,184,unigram,neuter,accusative,singular,pesos,1.326135892722235,pesos,talent (weight and monetary unit: around 20 years' wages)
τελώνης,152,unigram,masculine,nominative,plural,tlakobraroaj,1.1062991065670686,tlakobraroaj,tax collector
τελώνης,61,unigram,masculine,nominative,singular,impuestos,1.6600758878804431,impuestos,tax collector
γραμματεύς,283,unigram,masculine,nominative,plural,itlanawatil,1.0820704997992516,itlanawatil,"teacher, expert in the law, scholar, scribe"
γραμματεύς,173,unigram,masculine,nominative,singular,tlamachtij,1.3680034968691983,tlamachtij,"teacher, expert in the law, scholar, scribe"
καθηγητής,273,unigram,masculine,nominative,plural,namoTlayekanke,1.0960768946513286,namoTlayekanke,"teacher, guide"
καθηγητής,183,unigram,masculine,nominative,singular,namoTlayekanke,1.0960768946513286,namoTlayekanke,"teacher, guide"
κλέπτης,182,unigram,masculine,nominative,singular,ichtekke,2.6328972870068204,ichtekke,thief
διαλογισμός,247,unigram,masculine,accusative,plural,okiyejyekojtokaj,1.999948871176478,okiyejyekojtokaj,"thought, argument"
διαλογισμός,114,unigram,masculine,accusative,singular,okiyejyekoayaj,1.0578252156723336,okiyejyekoayaj,"thought, argument"
διαλογισμός,94,unigram,masculine,nominative,plural,inyolo,1.0134107299040849,inyolo,"thought, argument"
διαλογισμός,241,unigram,masculine,nominative,singular,motlatlajtolkuepaj,1.2359253839257431,motlatlajtolkuepaj,"thought, argument"
θρόνος,196,unigram,masculine,accusative,singular,iweyitaj,1.0961063339256685,iweyitaj,throne
χρόνος,224,unigram,masculine,accusative,plural,owejkawato,1.1614773924719959,owejkawato,time
χρόνος,189,unigram,masculine,accusative,singular,Opanok,1.0787069036152572,Opanok,time
καιρός,65,unigram,masculine,nominative,plural,kintzakuaskej,1.0962100302615791,kintzakuaskej,"time, right time"
καιρός,112,unigram,masculine,nominative,singular,ajsi,1.030274828840305,ajsi,"time, right time"
τάφος,137,unigram,masculine,accusative,singular,mikkakuyoktle,2.0002226798374023,mikkakuyoktle,"tomb, grave"
μνημεῖον,12,unigram,neuter,accusative,plural,ankinchiwiliaj,1.2363389462602,ankinchiwiliaj,"tomb, grave"
μνημεῖον,14,unigram,neuter,accusative,singular,mikkakuyoktle,4.305244009401027,mikkakuyoktle,"tomb, grave"
μνημεῖον,67,unigram,neuter,nominative,plural,mikkakuyoktin,1.807473566647271,mikkakuyoktin,"tomb, grave"
μνημεῖον,217,unigram,neuter,nominative,singular,mikkakuyoktle,1.033697545056816,mikkakuyoktle,"tomb, grave"
θησαυρός,178,unigram,masculine,accusative,singular,rikojyotl,1.0636720596089833,rikojyotl,treasure
δένδρον,66,unigram,neuter,accusative,singular,kuawitl,1.4807704998528337,kuawitl,tree	
κώμη,223,unigram,feminine,accusative,plural,pueblojtin,1.883539420887628,pueblojtin,village
κώμη,47,unigram,feminine,accusative,singular,pueblo,1.5925232904143158,pueblo,village
παρθένος,232,unigram,feminine,nominative,plural,ichpokamej,1.7459030402723512,ichpokamej,virgin
παρθένος,164,unigram,feminine,nominative,singular,Emanuel,1.3848733894321037,Emanuel,virgin
φωνή,165,unigram,feminine,nominative,plural,kimajmasoltikan,1.210565177531669,kimajmasoltikan,voice or sound
φωνή,269,unigram,feminine,nominative,singular,omokakke,1.1854098965588693,omokakke,voice or sound
πόλεμος,215,unigram,masculine,accusative,plural,guerra,1.1634861766761766,guerra,war
ὕδωρ,284,unigram,neuter,accusative,plural,atl,1.7899825167969832,atl,water
ὕδωρ,75,unigram,neuter,accusative,singular,atl,4.412494961798854,atl,water
ὕδωρ,88,unigram,neuter,nominative,singular,atl,1.8911298323222572,atl,water
ὑδρία,92,unigram,feminine,accusative,singular,iaxoktzin,1.1062947896655342,iaxoktzin,water jar
ὁδός,216,unigram,feminine,accusative,plural,ojmej,1.7245897580705989,ojmej,way
ὁδός,113,unigram,feminine,accusative,singular,ojtle,3.2362897936765624,ojtle,way
γάμος,129,unigram,masculine,accusative,plural,ilwitl,2.0805979638400007,ilwitl,wedding
γάμος,199,unigram,masculine,accusative,singular,okinminbitarojkej,1.7153370795557257,okinminbitarojkej,wedding
γυνή,142,unigram,feminine,accusative,singular,isiwa,2.0514995135518284,isiwa,"wife, woman"
γυνή,95,unigram,feminine,nominative,plural,siwamej,2.618067198227912,siwamej,"wife, woman"
γυνή,98,unigram,feminine,nominative,singular,siwatl,4.356677927182733,siwatl,"wife, woman"
ἄνεμος,56,unigram,masculine,nominative,singular,ejekatl,1.8568958388381493,ejekatl,wind
πνεῦμα,257,unigram,neuter,accusative,plural,ejekamej,1.011641934985333,ejekamej,"wind, breath, spirit"
πνεῦμα,9,unigram,neuter,nominative,plural,ejekamej,1.144966416013275,ejekamej,"wind, breath, spirit"
πνεῦμα,18,unigram,neuter,nominative,singular,Espíritu,1.3429945363844558,Espíritu,"wind, breath, spirit"
λύκος,8,unigram,masculine,nominative,plural,koyomej,1.0960866985123228,koyomej,wolf
ῥῆμα,150,unigram,neuter,accusative,plural,nikijta,1.003260615260179,nikijta,word
ῥῆμα,131,unigram,neuter,accusative,singular,kitlajtlaniiskej,1.2535647408788029,kitlajtlaniiskej,word
ῥῆμα,26,unigram,neuter,nominative,plural,okijtoayaj,1.0371472316734414,okijtoayaj,word
λόγος,132,unigram,masculine,accusative,plural,nipinawas,1.0606334263795467,nipinawas,word
λόγος,123,unigram,masculine,accusative,singular,itlajtol,1.3079267228855718,itlajtol,word
λόγος,121,unigram,masculine,nominative,plural,yetoskej,1.276095077862507,yetoskej,word
λόγος,249,unigram,masculine,nominative,singular,tlajtole,1.3163316710867743,tlajtole,word
ἔργον,37,unigram,neuter,accusative,plural,noPapan,1.2643877921226787,noPapan,work
ἔργον,76,unigram,neuter,accusative,singular,okinmilwij,1.0745241366205427,okinmilwij,work
ἔργον,251,unigram,neuter,nominative,plural,mota,1.024912618317953,mota,work
ἔργον,231,unigram,neuter,nominative,singular,xinechneltokakan,1.210578362162796,xinechneltokakan,work
ἐργάτης,116,unigram,masculine,nominative,plural,pixkale,1.6246857659380494,pixkale,worker
ἐργάτης,174,unigram,masculine,nominative,singular,amechmakaskej,1.8875087728357565,amechmakaskej,worker
ἔτος,212,unigram,neuter,accusative,plural,xiwitl,3.323499986669636,xiwitl,year
ἔτος,143,unigram,neuter,accusative,singular,xiwitl,1.3610883589018596,xiwitl,year
ζεῦγος,207,unigram,neuter,accusative,singular,kokolotzitzintin,1.0960817954296525,kokolotzitzintin,"yoke, pair"
